@id,@type,@lat,@lon,name,district,district_name
11573749340,node,18.043865,82.0350888,HP,13999461,Alluri Sitharama Raju
11721909943,node,17.5897044,81.7146916,Bharat Petroleum,13999461,Alluri Sitharama Raju
11885478640,node,17.4231105,81.791977,Indian Oil,13999461,Alluri Sitharama Raju
11885839704,node,17.429312,81.7907143,Bharat Petroleum,13999461,Alluri Sitharama Raju
11891752435,node,17.7519936,81.4068869,HP,13999461,Alluri Sitharama Raju
11891752438,node,17.7453151,81.397378,Bharat Petroleum,13999461,Alluri Sitharama Raju
11891758203,node,17.6558294,81.004651,HP,13999461,Alluri Sitharama Raju
11891758204,node,17.6611728,81.0015186,Indian Oil,13999461,Alluri Sitharama Raju
11891802887,node,17.4623206,82.0278658,Indian Oil,13999461,Alluri Sitharama Raju
12109849222,node,17.7567675,81.3715511,Indian Oil,13999461,Alluri Sitharama Raju
5319595013,node,17.6888167,83.0274767,Indian Oil,13999884,Anakapalli
5325128455,node,17.3673555,82.5668012,Petrol filling station,13999884,Anakapalli
5325132848,node,17.3738565,82.5864805,Petrol filling station,13999884,Anakapalli
5325133389,node,17.3779328,82.6015251,Petrol filling station,13999884,Anakapalli
5328507608,node,17.3673515,82.5668124,PEtrol filling station,13999884,Anakapalli
5621300183,node,17.6558327,83.1318806,Indian Oil,13999884,Anakapalli
11533310659,node,17.6540336,82.9960235,HP,13999884,Anakapalli
11533575165,node,17.5743094,83.0012432,Bharat Petroleum,13999884,Anakapalli
11533575168,node,17.5939623,83.0385093,HP,13999884,Anakapalli
11533628280,node,17.6765471,83.0151409,Indian Oil,13999884,Anakapalli
11533628282,node,17.7277465,83.0447099,Indian Oil,13999884,Anakapalli
11533628283,node,17.7423885,83.061491,HP,13999884,Anakapalli
11533985271,node,17.8032809,83.1405066,Indian Oil,13999884,Anakapalli
11597941161,node,17.7998511,83.0685037,HP,13999884,Anakapalli
11647422536,node,17.6888327,83.1045389,HP,13999884,Anakapalli
11647422537,node,17.6896242,83.1039373,Indian Oil,13999884,Anakapalli
11647422539,node,17.6869987,83.0803151,Bharat Petroleum,13999884,Anakapalli
11647422545,node,17.6758045,83.01712,Indian Oil,13999884,Anakapalli
11647422546,node,17.6750127,83.0108804,Essar,13999884,Anakapalli
11647422548,node,17.6744891,83.0038774,Indian Oil,13999884,Anakapalli
11647433762,node,17.5821943,82.8663204,Indian Oil,13999884,Anakapalli
11647433763,node,17.580689,82.8665117,HP,13999884,Anakapalli
11647444824,node,17.6809904,82.9821194,Indian Oil,13999884,Anakapalli
11647444825,node,17.6765973,82.9750568,HP,13999884,Anakapalli
11647444826,node,17.6739689,82.9719907,HP,13999884,Anakapalli
11647444827,node,17.6727383,82.9705136,Indian Oil,13999884,Anakapalli
11647444829,node,17.6666667,82.9592158,Bharat Petroleum,13999884,Anakapalli
11647444830,node,17.6656882,82.9533149,HP,13999884,Anakapalli
11647444832,node,17.6600217,82.9391809,HP,13999884,Anakapalli
11647444833,node,17.6598315,82.9363439,Bharat Petroleum,13999884,Anakapalli
11647444834,node,17.6565129,82.9322559,HP,13999884,Anakapalli
11647444835,node,17.6558315,82.9311809,Bharat Petroleum,13999884,Anakapalli
11647444838,node,17.6450911,82.9079397,Bharat Petroleum,13999884,Anakapalli
11647444840,node,17.6424471,82.9038721,Bharat Petroleum,13999884,Anakapalli
11647444841,node,17.642768,82.9045231,HP,13999884,Anakapalli
11647444842,node,17.6364909,82.8971443,Indian Oil,13999884,Anakapalli
11647444843,node,17.6226687,82.8850339,Bharat Petroleum,13999884,Anakapalli
11647445228,node,17.4352545,82.7484473,HP,13999884,Anakapalli
11647459496,node,17.5455564,82.8376482,Bharat Petroleum,13999884,Anakapalli
11647459497,node,17.5438003,82.834776,Bharat Petroleum,13999884,Anakapalli
11647508148,node,17.5180906,82.8116592,HP,13999884,Anakapalli
11647554878,node,17.4093621,82.7156861,Bharat Petroleum,13999884,Anakapalli
11647668395,node,17.3937935,82.6642595,Indian Oil,13999884,Anakapalli
11647668396,node,17.3944071,82.6632485,Indian Oil,13999884,Anakapalli
11647668397,node,17.3923815,82.6552906,Bio Diesel,13999884,Anakapalli
11811453542,node,17.7823864,83.1171607,Bharat Petroleum,13999884,Anakapalli
12095052563,node,17.7967028,82.9809532,Bharat Petroleum,13999884,Anakapalli
12097242209,node,17.746881,82.6893175,Bharat Petroleum,13999884,Anakapalli
12097242221,node,17.8225622,82.944409,Bharat Petroleum,13999884,Anakapalli
12097242227,node,17.7475115,82.8986647,Indian Oil,13999884,Anakapalli
12097242234,node,17.8016948,83.1349282,Indian Oil,13999884,Anakapalli
12097242238,node,17.7183814,83.0392627,HP,13999884,Anakapalli
12097242243,node,17.795379,82.8067793,HP,13999884,Anakapalli
12097242248,node,17.8351135,83.1387216,HP,13999884,Anakapalli
12252513694,node,17.8785271,83.0396217,Nayara,13999884,Anakapalli
12549136669,node,17.6890537,83.0285794,HP,13999884,Anakapalli
12556982241,node,17.7291727,83.0471885,Indian Oil,13999884,Anakapalli
12836800625,node,17.6886741,83.0194778,Indian Oil,13999884,Anakapalli
12836800627,node,17.6873225,83.0172852,Bharat Petroleum,13999884,Anakapalli
12864714681,node,17.7366204,83.1351836,Bharat Petroleum,13999884,Anakapalli
510267532,way,17.6636379,82.6171301,HPCL,13999884,Anakapalli
510267556,way,17.6637969,82.6150784,Petrol pump,13999884,Anakapalli
549076149,way,17.3625418,82.5516511,HP Petrol Pump,13999884,Anakapalli
588559479,way,17.6558139,83.1318806,Indian Oil,13999884,Anakapalli
1825036287,node,14.6867812,77.5839209,M.G. Brothers HPC Dealers,2022303,Anantapur
1825045985,node,14.9046952,77.5825677,Indianoil Petrol,2022303,Anantapur
1825052765,node,15.0111741,77.6172125,Bharat Petroleum ,2022303,Anantapur
1825053843,node,15.0223642,77.6199626,Indianoil Petrol,2022303,Anantapur
1825054269,node,15.0504596,77.6272524,Reliance Plaza And Petrol,2022303,Anantapur
1825054744,node,15.0583024,77.6303526,Bharat Petrol,2022303,Anantapur
1825054938,node,15.0653874,77.6303786,HP,2022303,Anantapur
1825058080,node,15.0883591,77.6506527,Bharat Petroleum,2022303,Anantapur
4671065254,node,14.6969488,76.8547914,Indian Oil,2022303,Anantapur
10925755813,node,14.9106682,78.0021341,petrol station,2022303,Anantapur
10925960826,node,14.9191199,78.0148119,fuel Station,2022303,Anantapur
10926086731,node,14.9083252,78.012361,indian fuel station,2022303,Anantapur
10926086736,node,14.9084611,78.0162639,fuel station,2022303,Anantapur
10926248985,node,14.9094642,77.9857433,fuel station,2022303,Anantapur
11502583791,node,14.6910049,76.8476829,Thirumala Petrol Pump,2022303,Anantapur
12098336322,node,15.0756741,77.6316972,Indian Oil,2022303,Anantapur
12098336329,node,14.7504386,77.5997015,HP,2022303,Anantapur
12098336345,node,15.0680856,77.7962602,HP,2022303,Anantapur
12098336346,node,15.0504762,77.8225577,HP,2022303,Anantapur
13288740261,node,15.0103258,76.9746857,Indian Oil,2022303,Anantapur
613263712,way,14.54999,77.6257947,Indian Oil,2022303,Anantapur
1202570817,way,14.6669036,77.580317,Indianoil,2022303,Anantapur
1242278275,way,14.6781943,77.5828702,Indianoil Petrol,2022303,Anantapur
1421293751,way,15.1572831,77.4949756,Bharat Petroleum,2022303,Anantapur
11802245894,node,13.6546448,78.9470288,Bharat Petroleum,13997864,Annamayya
11802246128,node,13.6597883,78.9295021,HP,13997864,Annamayya
12109799940,node,13.9521518,79.3553485,Nayara,13997864,Annamayya
12109799946,node,13.8189328,78.9023375,Indian Oil,13997864,Annamayya
12109799947,node,13.8821003,79.3806279,Essar,13997864,Annamayya
12109799948,node,13.9440646,79.3566413,Reliance,13997864,Annamayya
12109799949,node,14.2743773,79.1152862,HP,13997864,Annamayya
12109799952,node,14.0053458,79.3282199,HP,13997864,Annamayya
12109799953,node,14.1685265,79.1857198,HP,13997864,Annamayya
12109799955,node,13.9818836,79.3379901,Indian Oil,13997864,Annamayya
12109799957,node,13.972034,79.340665,HP,13997864,Annamayya
12109799963,node,14.0634713,79.261753,Indian Oil,13997864,Annamayya
12109799966,node,14.105768,79.2166042,Indian Oil,13997864,Annamayya
12109799967,node,13.7090326,78.8911039,Essar,13997864,Annamayya
12109799968,node,13.9516376,79.3555361,HP,13997864,Annamayya
12115230274,node,14.2099074,78.7506148,HP,13997864,Annamayya
12115230298,node,13.6423054,78.6968568,Indian Oil,13997864,Annamayya
12938128733,node,13.9678887,79.3438735,Bharat Petroleum,13997864,Annamayya
12943977918,node,14.0345573,79.3217511,Bharat Petroleum,13997864,Annamayya
838059767,way,14.1771051,79.3200475,HP Shreya filling station,13997864,Annamayya
1867087171,node,15.8117433,79.9743415,IOC,13998258,Bapatla
1871174896,node,15.7948046,79.9807814,BP,13998258,Bapatla
1921709113,node,16.0073463,80.6072226,HP,13998258,Bapatla
1921713040,node,15.9889242,80.5931109,Petrol station,13998258,Bapatla
5670947224,node,16.0177645,80.825224,Bharat Petroleum,13998258,Bapatla
5670947225,node,16.0177444,80.826373,HP,13998258,Bapatla
9794188708,node,15.7536864,80.2808941,HP,13998258,Bapatla
11021244321,node,15.9505983,80.0868664,Bharat Petroleum,13998258,Bapatla
11035340152,node,15.9659219,80.2779391,Bharat Petroleum,13998258,Bapatla
11359876639,node,16.1194537,79.9290704,HP,13998258,Bapatla
11693515238,node,15.8155287,80.1136717,Indian Oil,13998258,Bapatla
11693538875,node,15.8416528,80.0586221,Indian Oil,13998258,Bapatla
11694014030,node,15.823611,80.190435,Bharat Petroleum,13998258,Bapatla
11694014031,node,15.8243173,80.1902258,Indian Oil,13998258,Bapatla
11694014032,node,15.8247137,80.190321,HP,13998258,Bapatla
11694051854,node,15.8704309,80.0636898,HP,13998258,Bapatla
11694138609,node,15.9286894,80.0780407,HP,13998258,Bapatla
11697186547,node,16.0528262,80.6842469,Indian Oil,13998258,Bapatla
11697186570,node,16.0533582,80.6849028,HP,13998258,Bapatla
12002270272,node,15.874416,80.066775,HP,13998258,Bapatla
12003268755,node,15.9079174,80.4780496,HP,13998258,Bapatla
12003297503,node,15.9774709,80.5113131,Bharat Petroleum,13998258,Bapatla
12003297504,node,15.9745385,80.5131645,Essar,13998258,Bapatla
12003315768,node,15.866241,80.4056588,Indian Oil,13998258,Bapatla
12003342569,node,15.8662411,80.4056588,Indian Oil,13998258,Bapatla
12003358742,node,15.8415854,80.3726356,Bharat Petroleum,13998258,Bapatla
12003374548,node,15.9774708,80.5113131,Bharat Petroleum,13998258,Bapatla
12003374549,node,15.9745384,80.5131645,Essar,13998258,Bapatla
12097383942,node,15.9803887,80.6338568,Indian Oil,13998258,Bapatla
12097383950,node,15.8734557,80.4194655,Indian Oil,13998258,Bapatla
12116967078,node,15.7233948,80.0161004,Bharat Petroleum,13998258,Bapatla
12116989720,node,15.856617,80.2914954,Indian Oil,13998258,Bapatla
12116989744,node,15.9609112,80.2801127,Indian Oil,13998258,Bapatla
12116989752,node,15.8790307,80.3262288,Essar,13998258,Bapatla
12116989768,node,15.7161632,80.1185737,Indian Oil,13998258,Bapatla
776658760,way,15.8386404,80.3591938,HP,13998258,Bapatla
2599226279,node,13.3631702,79.0862074,Bharat Petroleum,2022304,Chittoor
10064115995,node,13.3963971,79.0980152,Indian Oil,2022304,Chittoor
10064115996,node,13.3958828,79.0986506,HP,2022304,Chittoor
11359691969,node,13.1893584,78.864337,HP,2022304,Chittoor
11359691970,node,13.1935389,79.036902,HP,2022304,Chittoor
11359693173,node,13.3733267,79.0921314,Indian Oil,2022304,Chittoor
11359693174,node,13.3240815,79.0717874,Nayara,2022304,Chittoor
11802245980,node,13.1975506,79.0607284,Indian Oil,2022304,Chittoor
11802245989,node,13.1975552,78.9928641,HP,2022304,Chittoor
11802245994,node,13.2052694,78.9427047,Indian Oil,2022304,Chittoor
12098269546,node,13.0966149,79.1273277,Indian Oil,2022304,Chittoor
12098269549,node,13.3570228,79.085313,HP,2022304,Chittoor
12098269558,node,13.0982401,78.6069562,Indian Oil,2022304,Chittoor
12098269560,node,13.2759033,79.0426283,HP,2022304,Chittoor
12098269561,node,13.2970778,78.9416107,Essar,2022304,Chittoor
12098269563,node,13.1629938,79.0402007,Indian Oil,2022304,Chittoor
12098269569,node,13.0150729,78.4957809,Bharat Petroleum,2022304,Chittoor
12098269574,node,13.1516782,79.035941,Essar,2022304,Chittoor
12098269584,node,13.2560901,78.7233106,Indian Oil,2022304,Chittoor
12630274691,node,13.2017236,78.9548742,HP,2022304,Chittoor
12630300908,node,13.2209643,78.7426227,Indian Oil,2022304,Chittoor
12927042212,node,13.26176,79.0518094,Indian Oil,2022304,Chittoor
1123793373,way,13.1945267,78.5541134,Indian Oil Jangalapalle,2022304,Chittoor
1123793375,way,13.1941212,78.5587779,HP,2022304,Chittoor
1123793378,way,13.1931424,78.5758685,Bharat Petroleum Gandrajupalle,2022304,Chittoor
1123793381,way,13.1996217,78.7147768,Indian Oil,2022304,Chittoor
1123793390,way,13.1970008,79.0633589,Bharat Petroleum,2022304,Chittoor
1153313746,way,13.1616969,79.1035513,Indian Oil,2022304,Chittoor
1289794296,way,13.2491323,79.0605471,Nayara,2022304,Chittoor
1355701627,way,13.1882661,78.8703642,Nayara,2022304,Chittoor
2786979992,node,16.5780698,82.0021935,Petrol Bunk,13999603,Dr. B. R. Ambedkar Konaseema
2790336173,node,16.5808694,81.9970382,Bharath Petroleum,13999603,Dr. B. R. Ambedkar Konaseema
2790338718,node,16.5811599,81.9968344,Relience Petroleum,13999603,Dr. B. R. Ambedkar Konaseema
2802738676,node,16.5816037,81.9958162,Hindustan Petroleum,13999603,Dr. B. R. Ambedkar Konaseema
11491532946,node,16.445836,81.9835992,Indian Oil Petrol Bunk,13999603,Dr. B. R. Ambedkar Konaseema
11787409568,node,16.7378889,81.8348391,HP,13999603,Dr. B. R. Ambedkar Konaseema
11787426276,node,16.8469876,81.9185895,HP,13999603,Dr. B. R. Ambedkar Konaseema
11787430653,node,16.7619473,81.8423576,Indian Oil,13999603,Dr. B. R. Ambedkar Konaseema
11787430654,node,16.8717252,81.9282271,HP,13999603,Dr. B. R. Ambedkar Konaseema
11787438441,node,16.8750825,81.9288749,Indian oil,13999603,Dr. B. R. Ambedkar Konaseema
11787451305,node,16.7437208,81.8339508,Bharat Petroleum,13999603,Dr. B. R. Ambedkar Konaseema
11787451996,node,16.7422718,81.8349233,Bharat Petroleum,13999603,Dr. B. R. Ambedkar Konaseema
11787454857,node,16.7460661,81.833964,HP,13999603,Dr. B. R. Ambedkar Konaseema
11787455799,node,16.795662,81.8938438,Indian oil,13999603,Dr. B. R. Ambedkar Konaseema
11787455800,node,16.8782612,81.9323225,Indian oil,13999603,Dr. B. R. Ambedkar Konaseema
11787456308,node,16.7250059,81.8309743,Bharat petroleum,13999603,Dr. B. R. Ambedkar Konaseema
11787457387,node,16.7921493,81.8667238,Essar,13999603,Dr. B. R. Ambedkar Konaseema
11787459475,node,16.8746767,81.9523329,Bharat petroleum,13999603,Dr. B. R. Ambedkar Konaseema
11787460305,node,16.7087249,81.8258905,Indian oil,13999603,Dr. B. R. Ambedkar Konaseema
11787462429,node,16.7870616,81.8791247,HP,13999603,Dr. B. R. Ambedkar Konaseema
11787681412,node,16.8500875,82.0444587,Nayara,13999603,Dr. B. R. Ambedkar Konaseema
11787689078,node,16.842722,82.0075769,Indian oil,13999603,Dr. B. R. Ambedkar Konaseema
11787691914,node,16.8529456,82.0547438,HP,13999603,Dr. B. R. Ambedkar Konaseema
11787692263,node,16.8534733,81.9843242,HP,13999603,Dr. B. R. Ambedkar Konaseema
11787769136,node,16.8665219,82.0843611,HP,13999603,Dr. B. R. Ambedkar Konaseema
12097262642,node,16.5846365,81.9909276,Indian Oil,13999603,Dr. B. R. Ambedkar Konaseema
12097262647,node,16.401427,81.7727539,Indian Oil,13999603,Dr. B. R. Ambedkar Konaseema
12097262648,node,16.4973235,81.8844205,Indian Oil,13999603,Dr. B. R. Ambedkar Konaseema
12097262651,node,16.5890125,82.1963606,Indian Oil,13999603,Dr. B. R. Ambedkar Konaseema
12097262672,node,16.5556188,81.9916075,Essar,13999603,Dr. B. R. Ambedkar Konaseema
814555363,way,16.653712,82.021093,petrol-Gas station,13999603,Dr. B. R. Ambedkar Konaseema
3076400913,node,16.9781893,81.7842874,Bharat Petroleum,2022126,East Godavari
3076400914,node,16.9856018,81.7824524,H P Petrol Bunk,2022126,East Godavari
3076400915,node,16.9930432,81.7767724,Indian Oil,2022126,East Godavari
3076400916,node,16.997007,81.8007338,Petrol Bunk,2022126,East Godavari
3076400917,node,17.0002401,81.7683956,Bharat Petroleum,2022126,East Godavari
3076400918,node,17.0078691,81.7859311,Sri Satya Krishna Petrol Bunk,2022126,East Godavari
3076400919,node,17.0078736,81.7859015,Bharat Petrol Bunk,2022126,East Godavari
3076400920,node,17.0090086,81.7804232,Indian Oil Petrol Bunk,2022126,East Godavari
3076400921,node,17.00952,81.7716648,Bharat Petrol Bunk,2022126,East Godavari
3076400922,node,17.0109147,81.7964042,HPCL Petrol Bunk,2022126,East Godavari
3076400923,node,17.0120218,81.779287,BPCL Petrol Bunk,2022126,East Godavari
3076400924,node,17.0121141,81.7823346,HPCL Petrol Bunk,2022126,East Godavari
3076400925,node,17.0124091,81.7818693,IOCL Petrol Bunk,2022126,East Godavari
3076400926,node,17.0134384,81.7781543,Indian Oil,2022126,East Godavari
3076400927,node,17.0184012,81.7906599,IOCL Petrol Bunk,2022126,East Godavari
3076400928,node,17.0189459,81.7817934,I.B.M Petrol Bunk,2022126,East Godavari
3076400929,node,17.025902,81.8067976,HPCL Petrol Bunk,2022126,East Godavari
3076400930,node,17.025903,81.7843029,HPCL Petrol Bunk,2022126,East Godavari
3076400931,node,17.0268954,81.8079124,Bharat Petroleum,2022126,East Godavari
3076400932,node,17.0306043,81.7753005,Indian Oil,2022126,East Godavari
3076403333,node,17.0369404,81.7908719,Indian Oil Petrol Bunk,2022126,East Godavari
4172107490,node,16.8458793,81.6879279,Bharat Petroleum,2022126,East Godavari
9919080246,node,17.0766039,81.7698836,HP,2022126,East Godavari
9919080268,node,17.0522412,81.7741888,Essar,2022126,East Godavari
9924615991,node,17.1773528,81.6979301,Indian Oil,2022126,East Godavari
9926168229,node,17.175199,81.6991006,HP,2022126,East Godavari
9974926699,node,16.9969734,81.4912582,HP,2022126,East Godavari
11082564965,node,17.0185616,81.7816313,BP,2022126,East Godavari
11648189537,node,17.0752227,81.8935751,Bharat Petroleum,2022126,East Godavari
11648189539,node,17.0856068,81.9088508,Essar,2022126,East Godavari
11648189541,node,17.0773062,81.8947779,Indian Oil,2022126,East Godavari
11648189547,node,17.0691846,81.8862661,HP,2022126,East Godavari
11648189553,node,17.0605101,81.8727239,Shell,2022126,East Godavari
11648189554,node,17.0509864,81.8559953,Indian Oil,2022126,East Godavari
11648189564,node,17.0097492,81.794981,HP,2022126,East Godavari
11648414895,node,17.019266,81.7757281,HP,2022126,East Godavari
11770981056,node,16.9709435,81.7979306,Essar,2022126,East Godavari
11885322575,node,16.9335332,81.3901446,Essar,2022126,East Godavari
11885383365,node,17.0612938,81.8069158,HP,2022126,East Godavari
11885383367,node,17.08162,81.8199991,Bharat Petroleum,2022126,East Godavari
11885478080,node,17.1600964,81.8312528,Indian Oil,2022126,East Godavari
11885489274,node,17.2537659,81.8497329,HP,2022126,East Godavari
11885489275,node,17.2540768,81.849755,Bharat Petroleum,2022126,East Godavari
11885489279,node,17.2643729,81.8476039,Indian Oil,2022126,East Godavari
11885574032,node,17.1945473,81.841001,Bharat Petroleum,2022126,East Godavari
11885574033,node,17.1986989,81.8417615,Indian Oil,2022126,East Godavari
11885574034,node,17.2040015,81.8454592,HP,2022126,East Godavari
11885578618,node,17.3027957,81.8423686,Essar,2022126,East Godavari
11885578619,node,17.3091413,81.8416768,HP,2022126,East Godavari
11891736156,node,17.2874553,81.8902189,Nayara,2022126,East Godavari
12108537103,node,17.0394741,81.7935342,Bharat Petroleum,2022126,East Godavari
12108537106,node,17.2851476,81.8964666,HP,2022126,East Godavari
12108537107,node,16.9153934,81.8106216,HP,2022126,East Godavari
12108537117,node,16.8637584,81.8534763,HP,2022126,East Godavari
12108537118,node,17.1579497,81.7047636,Indian Oil,2022126,East Godavari
12108537120,node,16.9285234,81.7927588,HP,2022126,East Godavari
12108537121,node,17.169748,81.8297232,Indian Oil,2022126,East Godavari
12108537122,node,16.945387,81.7827075,Indian Oil,2022126,East Godavari
12108537129,node,17.1633779,81.8300752,HP,2022126,East Godavari
12109849215,node,16.9486204,81.4078968,Indian Oil,2022126,East Godavari
12114077676,node,16.9997044,81.66533,Indian Oil,2022126,East Godavari
12114077687,node,16.9159368,81.6514812,Essar,2022126,East Godavari
12114077694,node,16.7497045,81.7369541,Indian Oil,2022126,East Godavari
12171616033,node,17.0226864,81.7245693,Indian Petrol Bunk,2022126,East Godavari
12171616034,node,17.022771,81.7242581,BharatPetrol Bunk,2022126,East Godavari
12171616052,node,17.0215361,81.7022023,Asian Paints Company PVT,2022126,East Godavari
12174441072,node,17.2000478,81.8418229,Indian Oil Rajamaundry terminal,2022126,East Godavari
13086424623,node,16.9670351,82.0489657,Petrol bunk,2022126,East Godavari
871443634,way,16.7619413,81.6863814,Bharat Petroleum Pump,2022126,East Godavari
4797199835,node,16.8209272,81.2595461,HP,13999189,Eluru
6202895385,node,16.4234757,81.1045701,Indian Oil,13999189,Eluru
6202895487,node,16.4235379,81.1241213,BP Petrol Pump,13999189,Eluru
6202919086,node,16.4811224,81.2325562,Esser Petrol,13999189,Eluru
6202941185,node,16.5023902,81.2844213,Indian Oil,13999189,Eluru
6202944685,node,16.5101942,81.3040718,HP,13999189,Eluru
6372219137,node,16.748566,81.0334692,BPCL Petrol Station,13999189,Eluru
11648497147,node,16.7103035,81.0940098,Bharat Petroleum,13999189,Eluru
11648497148,node,16.7051834,81.0795055,HP,13999189,Eluru
11648497163,node,16.6926303,81.0444293,Indian Oil,13999189,Eluru
11648497164,node,16.6898185,81.037283,Indian Oil,13999189,Eluru
11648556381,node,16.6655787,81.0085641,Indian Oil,13999189,Eluru
11885254137,node,16.8486249,81.2862818,Essar,13999189,Eluru
11885260465,node,16.6938109,81.0247306,Nayara,13999189,Eluru
11885260879,node,16.7492097,81.1738429,HP,13999189,Eluru
11885309809,node,16.8754336,81.3128609,HP,13999189,Eluru
11885377576,node,16.7926949,81.2228169,Bharat Petroleum,13999189,Eluru
11974286350,node,16.7133145,81.114952,Bharat Petroleum,13999189,Eluru
11974286351,node,16.7102551,81.0952037,Bharat Petroleum,13999189,Eluru
11974329715,node,16.7330109,81.1363009,Indian Oil,13999189,Eluru
12109849220,node,16.9202555,81.1948916,Essar,13999189,Eluru
12109849224,node,16.9428604,81.0742571,Indian Oil,13999189,Eluru
12109849228,node,16.8956204,81.1729717,HP,13999189,Eluru
12109849232,node,17.2150103,81.132147,HP,13999189,Eluru
12109849235,node,16.9421196,81.0632233,HP,13999189,Eluru
12109849237,node,16.8676385,81.3679352,Indian Oil,13999189,Eluru
12109849250,node,17.2104799,81.2809732,Essar,13999189,Eluru
12109849259,node,17.0145498,81.2087591,Essar,13999189,Eluru
12109849260,node,17.0155935,81.2105342,Indian Oil,13999189,Eluru
12109849262,node,17.0553449,81.2424484,Indian Oil,13999189,Eluru
12114077647,node,16.7680841,81.3924804,Indian Oil,13999189,Eluru
12114077649,node,16.5431689,81.1978276,Bharat Petroleum,13999189,Eluru
12114077650,node,16.5513932,81.1981674,HP,13999189,Eluru
12114077668,node,16.5168526,81.162758,Indian Oil,13999189,Eluru
12114092308,node,16.5245304,81.1703237,HP,13999189,Eluru
12114092310,node,16.810424,81.4080814,Essar,13999189,Eluru
12114092311,node,16.4851019,81.2432975,Indian Oil,13999189,Eluru
12114092312,node,16.8060028,81.3067516,Bharat Petroleum,13999189,Eluru
12114092322,node,16.4305592,81.3486063,Bharat Petroleum,13999189,Eluru
12116049994,node,16.7872114,80.8537103,HP,13999189,Eluru
13086441378,node,17.1213276,81.2956753,indian oil,13999189,Eluru
13086463976,node,16.8294259,81.1931519,petrol Bunk,13999189,Eluru
13088207326,node,17.1170836,81.2959801,Hindusthan Petroleum Corporation,13999189,Eluru
1414098348,way,16.7729633,80.8411775,Bharat Petroleum,13999189,Eluru
1424037926,way,17.1236041,81.2783704,Devara Sita Filling Station,13999189,Eluru
4343924901,node,16.2403676,80.6194239,Indian Oil,2022220,Guntur
4344001045,node,16.2385373,80.6429046,Indian Oil,2022220,Guntur
4344118603,node,16.2389528,80.6353915,HP,2022220,Guntur
4345563193,node,16.2402285,80.6301907,Reliance,2022220,Guntur
4345563203,node,16.2409453,80.6149377,Bharat Petroleum,2022220,Guntur
4393220802,node,16.2404262,80.6355938,HP,2022220,Guntur
5030747429,node,16.2701845,80.4694045,HP,2022220,Guntur
5030747523,node,16.2316332,80.5097977,Indian Oil,2022220,Guntur
5030747525,node,16.21134,80.5196001,Bharat Petroleum,2022220,Guntur
5032321556,node,16.176055,80.5335567,Indian Oil,2022220,Guntur
5032325830,node,16.1906286,80.5255454,Nayara,2022220,Guntur
5036962989,node,16.4464576,80.594743,HP,2022220,Guntur
5036962992,node,16.4810598,80.617187,Indian Oil,2022220,Guntur
5036963298,node,16.3624663,80.5009718,Bharat Petroleum,2022220,Guntur
5036963671,node,16.2088178,80.5219558,HP,2022220,Guntur
5036963677,node,16.4312796,80.5826793,Indian Oil,2022220,Guntur
5305987822,node,16.4066905,80.6227768,Indian Oil Petrol Bunk,2022220,Guntur
5358759503,node,16.383282,80.6601384,Kabsons lp gas,2022220,Guntur
5844233929,node,16.4798776,80.6167211,HP,2022220,Guntur
6248894475,node,16.2378669,80.6639131,Indian Oil,2022220,Guntur
7246549552,node,16.3041481,80.4606798,Indian Oil,2022220,Guntur
7246549561,node,16.2949253,80.4080089,Indian Oil,2022220,Guntur
8389268533,node,16.4271851,80.5768997,Indian Oil,2022220,Guntur
10690429442,node,16.3095973,80.4346298,lakshmi harihar petroleums,2022220,Guntur
11576863235,node,16.3567556,80.62559,Bharat Petroleum,2022220,Guntur
11576863236,node,16.3431678,80.6270493,Indian Oil,2022220,Guntur
11583642113,node,16.5437074,80.4767148,HP,2022220,Guntur
11585567653,node,16.430244,80.565866,Indian Oil,2022220,Guntur
11585567656,node,16.4269928,80.5657681,HP,2022220,Guntur
11585567663,node,16.4137257,80.5597806,HP,2022220,Guntur
11613022194,node,16.4243771,80.5762588,Bharat Petroleum,2022220,Guntur
11687222911,node,16.2964861,80.4554113,Indian Oil,2022220,Guntur
11687222919,node,16.2990292,80.4569606,Bharat Petroleum,2022220,Guntur
11687222926,node,16.3114748,80.465743,Shell,2022220,Guntur
11687222927,node,16.3127921,80.4665233,HP,2022220,Guntur
11687222934,node,16.3192487,80.472141,Reliance,2022220,Guntur
11687222941,node,16.3220116,80.4761801,HP,2022220,Guntur
11687222943,node,16.3230016,80.4776261,Bharat Petroleum,2022220,Guntur
11687250226,node,16.4057706,80.5534783,Indian Oil,2022220,Guntur
11693169552,node,16.2426716,80.3267481,HP,2022220,Guntur
11693169553,node,16.2328831,80.3166039,HP,2022220,Guntur
11693230152,node,16.3352875,80.4885159,HP,2022220,Guntur
11693230154,node,16.3175218,80.4841779,Indian Oil,2022220,Guntur
11694003316,node,16.1922535,80.266018,HP,2022220,Guntur
11696419454,node,16.270084,80.4669703,Indian Oil,2022220,Guntur
11696419455,node,16.2707706,80.4682167,Indian Oil,2022220,Guntur
11696441486,node,16.3155725,80.4827266,Indian Oil,2022220,Guntur
11696444313,node,16.2845788,80.4069787,Nayara,2022220,Guntur
11696444316,node,16.2927934,80.4205952,Bharat Petroleum,2022220,Guntur
11696444319,node,16.2877494,80.4253313,HP,2022220,Guntur
11696444323,node,16.2705419,80.438161,Bharat Petroleum,2022220,Guntur
11778362319,node,16.4656294,80.5902234,Bharat Petroleum,2022220,Guntur
11778362321,node,16.4717335,80.5965589,HP,2022220,Guntur
11778362322,node,16.4711443,80.5958576,Indian Oil,2022220,Guntur
11778362323,node,16.4831648,80.5988245,HP,2022220,Guntur
11778362324,node,16.4903401,80.6014353,HP,2022220,Guntur
11779292095,node,16.4121668,80.6391644,Indian Oil,2022220,Guntur
12001838097,node,16.3042994,80.6090207,Indian Oil,2022220,Guntur
12001848745,node,16.3016283,80.4944219,Bharat Petroleum,2022220,Guntur
12001851674,node,16.275204,80.4361395,Indian Oil,2022220,Guntur
12001851676,node,16.2773029,80.4373544,Bharat Petroleum,2022220,Guntur
12001856036,node,16.2937034,80.634945,Bharat Petroleum,2022220,Guntur
12001964903,node,16.2914384,80.4286328,HP,2022220,Guntur
12001964904,node,16.2912138,80.4277417,Bharat Petroleum,2022220,Guntur
12001964905,node,16.2896637,80.4227141,HP,2022220,Guntur
12001964907,node,16.282792,80.4015072,HP,2022220,Guntur
12003256414,node,16.176047,80.5336519,Indian Oil,2022220,Guntur
12003369527,node,16.0338855,80.537439,Bharat Petroleum,2022220,Guntur
12003371077,node,16.0567701,80.5459327,Indian Oil,2022220,Guntur
12003371078,node,16.0614316,80.5501257,HP,2022220,Guntur
12003371079,node,16.0738674,80.5488456,HP,2022220,Guntur
12003374547,node,16.1760471,80.5336519,Indian Oil,2022220,Guntur
12007372050,node,16.2400778,80.5999952,Indian Oil,2022220,Guntur
12007395293,node,16.2287749,80.5275366,Shell,2022220,Guntur
12007399125,node,16.2385678,80.5605898,Indian Oil,2022220,Guntur
12007399126,node,16.2413571,80.571155,Essar,2022220,Guntur
12106345342,node,16.3566187,80.2755275,HP,2022220,Guntur
12116299434,node,16.161211,80.4790515,Indian Oil,2022220,Guntur
12211815776,node,16.2696581,80.4304363,Arunachalam Bharat Petroleums PETROL BUNK,2022220,Guntur
12365466116,node,16.2075829,80.6672385,Rajendra Prashad Petroleum,2022220,Guntur
12402127296,node,16.3245759,80.4633306,HP,2022220,Guntur
12402127300,node,16.3266398,80.4557832,Bharat Petroleum,2022220,Guntur
12402468879,node,16.3285373,80.4482086,HP,2022220,Guntur
12402598703,node,16.3384857,80.4210252,Indian Oil,2022220,Guntur
12768439913,node,16.3236924,80.4680754,Indian Oil,2022220,Guntur
13006805884,node,16.5131861,80.5329093,Bharat Petroleum,2022220,Guntur
13006805885,node,16.5144177,80.5324807,HP,2022220,Guntur
411704432,way,16.306973,80.4364879,Indian Oil,2022220,Guntur
835403876,way,16.243038,80.6480263,HP,2022220,Guntur
883764171,way,16.1867513,80.34155,Petrol Bunk,2022220,Guntur
1066617788,way,16.4170662,80.3549082,Petronas,2022220,Guntur
1323125821,way,16.2388984,80.6419822,Bharat Petroleum,2022220,Guntur
1328259347,way,16.1624814,80.5379654,vellaluru,2022220,Guntur
1361644727,way,16.2380925,80.6437253,Indian Oil,2022220,Guntur
1390406072,way,16.33637,80.4388158,petrol bunk,2022220,Guntur
5039500558,node,17.353914,82.5327506,SRI KRISHNA AGENCIES(PETROL PUMP),13999862,Kakinada
5040215949,node,17.3581101,82.5428913,Bharat Petroleum,13999862,Kakinada
5041287396,node,17.358578,82.540799,Indian Oil PETROL BUNK,13999862,Kakinada
6512939433,node,16.9889114,82.2406172,Sri Sai Bharath Petrol Pump,13999862,Kakinada
7008637811,node,16.9169688,82.2077087,Indian Oil,13999862,Kakinada
7392818698,node,16.9943717,82.2427754,Indian Oil,13999862,Kakinada
7392843482,node,17.0103808,82.2488368,HP,13999862,Kakinada
7611580865,node,16.9352667,82.2274641,Indian Oil,13999862,Kakinada
9606264693,node,17.1436105,82.2766416,HP,13999862,Kakinada
9606264701,node,17.148633,82.280926,Indian Oil,13999862,Kakinada
10171081028,node,16.9557856,82.2346584,Tirumala Agencies,13999862,Kakinada
10171081033,node,16.9567831,82.2331485,Fire station Petrol pump,13999862,Kakinada
10171081107,node,16.9558946,82.2367701,Indian Oil,13999862,Kakinada
11647507629,node,17.3104242,82.4495237,Bharat Petroleum,13999862,Kakinada
11647511589,node,17.2776618,82.4008763,HP,13999862,Kakinada
11647511590,node,17.2732014,82.3947375,Nayara,13999862,Kakinada
11647511591,node,17.2721171,82.3927955,Bharat Petroleum,13999862,Kakinada
11647785350,node,17.2546698,82.3714191,Bharat Petroleum,13999862,Kakinada
11647785351,node,17.2408613,82.3622668,Indian Oil,13999862,Kakinada
11647785352,node,17.2418135,82.362087,HP,13999862,Kakinada
11647785354,node,17.2432686,82.3514753,Indian Oil,13999862,Kakinada
11647785355,node,17.2421956,82.3417087,HP,13999862,Kakinada
11647853084,node,17.2293982,82.2037862,Indian Oil,13999862,Kakinada
11647854867,node,17.2370943,82.1778915,HP,13999862,Kakinada
11647855012,node,17.1948653,82.0905562,Indian Oil,13999862,Kakinada
11647855013,node,17.1852747,82.0757321,Bharat Petroleum,13999862,Kakinada
11647855015,node,17.1731118,82.0580945,HP,13999862,Kakinada
11647855017,node,17.1674799,82.0350481,Indian Oil,13999862,Kakinada
11647855019,node,17.157876,82.0179581,Bharat Petroleum,13999862,Kakinada
11647855020,node,17.1546358,82.0117319,Indian Oil,13999862,Kakinada
11647855021,node,17.1541128,82.0083548,Bharat Petroleum,13999862,Kakinada
11647859731,node,17.1477688,81.9834849,HP,13999862,Kakinada
11647859732,node,17.1410572,81.9750002,Indian Oil,13999862,Kakinada
11647859734,node,17.131709,81.9487267,Indian Oil,13999862,Kakinada
11648318280,node,17.127543,81.9371683,Essar,13999862,Kakinada
11787684810,node,16.8696668,82.1178561,Indian oil,13999862,Kakinada
11787689347,node,17.1322678,82.2548159,HP,13999862,Kakinada
11787762156,node,17.1133907,82.2455398,Bharat petroleum,13999862,Kakinada
12097242218,node,17.4682688,82.502717,Indian Oil,13999862,Kakinada
12097242226,node,17.3235141,82.4807862,HP,13999862,Kakinada
12097242228,node,17.4536312,82.4602857,Indian Oil,13999862,Kakinada
12098306303,node,17.1329665,82.1580367,Indian Oil,13999862,Kakinada
12098306309,node,17.0057364,82.1034679,HP,13999862,Kakinada
12098306314,node,17.0263344,82.1422447,Indian Oil,13999862,Kakinada
12098306322,node,17.1362584,82.0827518,Indian Oil,13999862,Kakinada
12098306326,node,17.204158,82.1833167,Indian Oil,13999862,Kakinada
12108537109,node,17.1397428,81.955695,Indian Oil,13999862,Kakinada
749484618,way,16.9169767,82.2077063,Indian Oil,13999862,Kakinada
814873584,way,16.9352411,82.2274926,Indian Oil,13999862,Kakinada
814889731,way,16.942534,82.2312437,Bharat Petroleum,13999862,Kakinada
1082895653,way,16.9861357,82.2401415,Indian Oil Petrol Pump,13999862,Kakinada
1082895655,way,16.9854682,82.241198,Bharat Petroleum,13999862,Kakinada
1082895659,way,16.9807955,82.2306846,Indian Oil Petrol Pump,13999862,Kakinada
1082895661,way,17.0221685,82.2505908,Reliance,13999862,Kakinada
1082895679,way,16.9551869,82.2305858,Bharat Petroleum,13999862,Kakinada
1082895680,way,16.9578953,82.2265596,HP,13999862,Kakinada
1111736334,way,16.9557388,82.2346582,Sri Sai Agencies,13999862,Kakinada
1324286212,way,17.3443014,82.5572715,Indian,13999862,Kakinada
4996460518,node,16.5243084,80.6794654,Bharat petroleum,2022135,Krishna
6202798189,node,16.474121,80.7129476,Bharat Petroleum,2022135,Krishna
6202881685,node,16.4262808,81.0368095,HP Petrol Pump,2022135,Krishna
6207604485,node,16.4817608,80.6926602,Indian Oil,2022135,Krishna
9462007653,node,16.4106194,81.0030278,Reliance Petrol Pump,2022135,Krishna
9462038230,node,16.3906776,80.9997238,Koganti Oil Corporation,2022135,Krishna
10617486304,node,16.1857257,81.1354859,KBR Naidu Petrol Pump,2022135,Krishna
11586121963,node,16.4874017,80.6818578,Bharat Petroleum,2022135,Krishna
11648542621,node,16.6273907,80.9429043,Indian Oil,2022135,Krishna
11648544461,node,16.6040032,80.9018528,HP,2022135,Krishna
11648544463,node,16.585942,80.8803911,HP,2022135,Krishna
11648586209,node,16.5471176,80.8148742,Bharat Petroleum,2022135,Krishna
11648586218,node,16.5228268,80.7810906,Indian Oil,2022135,Krishna
11779486387,node,16.335036,80.918609,Bharat Petroleum,2022135,Krishna
11779487618,node,16.3845172,80.8247506,Indian Oil,2022135,Krishna
11779487619,node,16.3764202,80.8316934,HP,2022135,Krishna
11779487623,node,16.3681295,80.8560338,Reliance,2022135,Krishna
11779512697,node,16.3490922,80.8920025,Essar,2022135,Krishna
11779529884,node,16.2630765,81.0186474,Bharat Petroleum,2022135,Krishna
11779581522,node,16.4825255,80.688605,Bharat Petroleum,2022135,Krishna
11779581530,node,16.459122,80.7366223,Indian Oil,2022135,Krishna
11779581532,node,16.4445977,80.7528774,HP,2022135,Krishna
11779930420,node,16.2465774,81.1442588,Indian Oil,2022135,Krishna
11780002395,node,16.2005976,81.1056345,HP,2022135,Krishna
11780002606,node,16.3338988,81.235009,Nayara,2022135,Krishna
11780002763,node,16.3964679,81.4394328,HP,2022135,Krishna
11780002764,node,16.3958727,81.4448947,Indian Oil,2022135,Krishna
11780003773,node,16.2093834,81.0843003,Indian Oil,2022135,Krishna
11990121760,node,16.4369397,80.764992,Petrol Station,2022135,Krishna
11998899580,node,16.6022086,80.828854,Indian Oil,2022135,Krishna
12116049988,node,16.3952298,81.0254221,Bharat Petroleum,2022135,Krishna
12116299401,node,16.2482037,80.9120261,Indian Oil,2022135,Krishna
12116299406,node,16.1899679,81.1391763,Petrol Bunk,2022135,Krishna
12116299417,node,16.5657401,80.7919335,HP,2022135,Krishna
12116299426,node,16.5944445,80.9607194,HP,2022135,Krishna
12116299441,node,16.4285636,80.983483,HP,2022135,Krishna
12116299449,node,16.4283416,81.0189625,HP,2022135,Krishna
12123620935,node,16.1928441,81.1429226,petrol bunk,2022135,Krishna
12123730165,node,16.1863553,81.1353625,Petrol Bunk,2022135,Krishna
12171291788,node,16.420674,81.0019889,Indian Oil,2022135,Krishna
12171291794,node,16.4229453,81.0022471,Hp petroleum,2022135,Krishna
12251921557,node,16.186013,81.1357922,Bharat Petroleum,2022135,Krishna
12257749301,node,16.1966501,81.1300209,BHarath Pertroleum,2022135,Krishna
12792065913,node,16.5293963,80.7874591,HP,2022135,Krishna
12992057844,node,16.4918131,80.6890747,Indian oil,2022135,Krishna
12993607974,node,16.5083525,80.677597,Bharat Petroleum,2022135,Krishna
12993638688,node,16.5065403,80.6765256,Indian Oil,2022135,Krishna
12993638780,node,16.5098762,80.6769151,Petronas,2022135,Krishna
12993648797,node,16.4765994,80.7098598,Hp Bunk,2022135,Krishna
12993650963,node,16.4767981,80.7087229,Jio Nu,2022135,Krishna
12993651448,node,16.4766538,80.7090228,Hp Bunk,2022135,Krishna
12993699749,node,16.5070064,80.6784693,Indian Oil,2022135,Krishna
12993702349,node,16.5099109,80.6762186,Global,2022135,Krishna
12993726398,node,16.510778,80.6752961,Sri Ramalaxman Diesel Service,2022135,Krishna
12993762372,node,16.524013,80.6782112,Petrol,2022135,Krishna
12995336439,node,16.4834939,80.6602283,Indian Oil,2022135,Krishna
12995945866,node,16.48344,80.6600719,Ramalingeswara Towers,2022135,Krishna
13086404618,node,16.1676902,81.1180497,Indian oil,2022135,Krishna
407666579,way,16.5151354,80.6694221,Indian Oil,2022135,Krishna
711133699,way,16.0260191,80.9176408,Indian Oil petrol bunk,2022135,Krishna
1292096761,way,16.4291901,80.7726142,GAS STATION,2022135,Krishna
1336273785,way,16.3491502,80.891961,Essar,2022135,Krishna
2093345068,node,15.9387167,77.3562067,HP Petrol,2022277,Kurnool
2093393582,node,15.9370924,77.4155533,HP,2022277,Kurnool
6166289421,node,15.824463,78.0208835,chowrastha,2022277,Kurnool
11698728293,node,15.4782278,77.3972065,Indian Oil,2022277,Kurnool
12098336319,node,15.4917051,77.0501923,Indian Oil,2022277,Kurnool
12098336321,node,15.3879033,77.2238289,HP,2022277,Kurnool
12098336325,node,15.2725506,77.2855447,Essar,2022277,Kurnool
12098336331,node,15.7750174,77.8120159,Indian Oil,2022277,Kurnool
12098336334,node,15.5449855,77.54656,Bharat Petroleum,2022277,Kurnool
12098336341,node,15.5509736,77.9377321,Indian Oil,2022277,Kurnool
12098336343,node,15.5508463,77.8397644,Indian Oil,2022277,Kurnool
13264172802,node,15.4886403,77.040859,fuel bank,2022277,Kurnool
616323629,way,15.8033028,78.0467721,Reliance Petroleum,2022277,Kurnool
620921187,way,15.8226933,78.0400331,P. BCPL Bunk,2022277,Kurnool
625073514,way,15.7738922,78.0283166,Gorantla Fuels-Essar Fuel Station,2022277,Kurnool
628271033,way,15.8389732,78.0393146,BCPL,2022277,Kurnool
662315433,way,15.7944259,78.0530486,Bharat Petroleum,2022277,Kurnool
749118947,way,15.7959461,78.0657317,Bharat Petroleum,2022277,Kurnool
749120881,way,15.7969533,78.0814662,Indian Oil,2022277,Kurnool
775997352,way,15.8334906,78.0493949,Indian Oil,2022277,Kurnool
814308808,way,15.6134867,77.2939405,HP,2022277,Kurnool
1065840736,way,15.7898256,78.0534749,Indian Oil,2022277,Kurnool
1284936076,way,15.7228833,78.0006878,HP,2022277,Kurnool
2250281569,node,17.0984308,80.6157582,Indian Oil,14000341,NTR
3521447031,node,16.8893048,80.148903,Bharat Petroleum,14000341,NTR
3521447051,node,16.6805648,80.3928655,Indian Oil,14000341,NTR
3521447066,node,16.6027805,80.5029426,Jio BP,14000341,NTR
3521447068,node,16.5842594,80.5244805,Bharat Petroleum,14000341,NTR
3521447069,node,16.5812405,80.5264575,Indian Oil,14000341,NTR
3521447074,node,16.5420035,80.5815539,Indian Oil,14000341,NTR
4378608521,node,16.4977935,80.6534521,Indian Oil,14000341,NTR
4996460517,node,16.5243456,80.6798945,IndianOil,14000341,NTR
5315805073,node,17.0673707,80.394021,Indian Oil,14000341,NTR
6207645185,node,16.5235868,80.5960471,HP,14000341,NTR
11570555690,node,16.5073675,80.6435354,Indian  Oil,14000341,NTR
11573979318,node,16.5095234,80.6240735,HP,14000341,NTR
11573979319,node,16.5091648,80.6244947,Indian Oil,14000341,NTR
11573979327,node,16.5038944,80.6362807,Bharat Petroleum,14000341,NTR
11575842328,node,16.5016878,80.6423791,Bharat Petroleum,14000341,NTR
11581043540,node,16.5069024,80.6450411,HP,14000341,NTR
11601532952,node,16.5110304,80.7323494,Indian Oil,14000341,NTR
11648586227,node,16.5109645,80.7408709,HP,14000341,NTR
11648586230,node,16.5107911,80.7281651,Bharat Petroleum,14000341,NTR
11648586236,node,16.5169995,80.6990109,HP Petrol Bunk,14000341,NTR
11652190492,node,16.5157923,80.6240832,HP,14000341,NTR
11652965014,node,16.5288453,80.5915545,Bharat Petroleum,14000341,NTR
11652965034,node,16.5236896,80.5967605,HP,14000341,NTR
11652965035,node,16.5224362,80.5968848,Indian Oil,14000341,NTR
11696818262,node,16.5105675,80.7065398,HP petrol Bunk,14000341,NTR
11697416901,node,16.537204,80.6361711,HP,14000341,NTR
11697416903,node,16.5377125,80.636251,Indian Oil,14000341,NTR
11776298408,node,16.6035049,80.501304,HP,14000341,NTR
11776328447,node,16.8061897,80.2558696,HP,14000341,NTR
11776332623,node,16.7159732,80.3304533,Indian Oil,14000341,NTR
11776332695,node,16.5551974,80.5704484,Shell,14000341,NTR
11776338274,node,16.8601773,80.1918118,HP,14000341,NTR
11776350059,node,16.8973136,80.1377694,Indian Oil,14000341,NTR
11776350060,node,16.890095,80.1455101,Indian Oil,14000341,NTR
11892588907,node,16.6588333,80.5650037,Indian Oil,14000341,NTR
11892588908,node,16.651342,80.5617787,HP,14000341,NTR
11892588909,node,16.6423137,80.5589021,Bharat Petroleum,14000341,NTR
11892588910,node,16.6316784,80.5539604,Bharat Petroleum,14000341,NTR
11892588911,node,16.6261081,80.5427603,HP,14000341,NTR
11892588912,node,16.6202264,80.5407081,Indian Oil,14000341,NTR
11892663888,node,16.7392854,80.6324386,Indian Oil,14000341,NTR
11892664071,node,16.8970926,80.6440511,Indian Oil,14000341,NTR
11892701325,node,16.9699306,80.6504354,Indian Oil,14000341,NTR
11892723625,node,17.0373734,80.6457469,Indian Oil,14000341,NTR
11892725714,node,16.7685568,80.6421304,Bharat Petroleum,14000341,NTR
11892725715,node,16.7602438,80.6419499,Indian Oil,14000341,NTR
11892725972,node,16.9960401,80.6599589,Nayara,14000341,NTR
11892732346,node,16.6841177,80.5940692,HP,14000341,NTR
11892732777,node,16.5928528,80.5221079,HP,14000341,NTR
11892732778,node,16.5839243,80.5255066,Indian Oil,14000341,NTR
11892733969,node,17.1123891,80.617839,Indian Oil,14000341,NTR
11892733970,node,17.1034689,80.6147132,Reliance,14000341,NTR
11998895240,node,16.5510503,80.6595233,HP,14000341,NTR
12116050000,node,17.0802418,80.6302838,HP,14000341,NTR
12116299422,node,16.5633317,80.673823,HP,14000341,NTR
12116299429,node,16.7560791,80.6485778,HP,14000341,NTR
12168207373,node,16.9767645,80.5230045,Indian Oil,14000341,NTR
12852464147,node,16.5062181,80.6460362,Bharat Petroleum,14000341,NTR
12991176857,node,16.5039696,80.6747101,Indian Oil,14000341,NTR
12991240540,node,16.4967869,80.6713225,Indian Oil,14000341,NTR
12991241743,node,16.4981123,80.6726021,HP,14000341,NTR
12991249144,node,16.5022463,80.6744541,Petrol Bunk,14000341,NTR
12991258507,node,16.4973288,80.6726437,Hp Gaa,14000341,NTR
12992259840,node,16.5171558,80.6452211,Bharath Petroleum,14000341,NTR
12994063125,node,16.5171508,80.6989557,Hp,14000341,NTR
12994068044,node,16.5174294,80.6988817,Petrol Pump,14000341,NTR
12994069526,node,16.5110398,80.7284708,Petrol,14000341,NTR
12994373640,node,16.5062213,80.6460977,Petrol Bunk,14000341,NTR
13005750820,node,16.5373345,80.6007193,Indian Oil,14000341,NTR
13006798966,node,16.5157456,80.6251493,Indian Oil,14000341,NTR
13006798979,node,16.5264766,80.6329275,HP,14000341,NTR
13015640317,node,16.590648,80.5184851,Indian Oil,14000341,NTR
13186251496,node,16.7369432,80.2616874,Raghavendra Filling Station,14000341,NTR
1068490458,way,16.6924276,80.3725809,Indian Oil,14000341,NTR
1232320377,way,16.9892732,80.5182494,Indian Oil,14000341,NTR
1232320378,way,17.004495,80.5321822,HP,14000341,NTR
1232320379,way,16.9914388,80.5195345,Indian Oil,14000341,NTR
1232320380,way,16.9907107,80.5138409,Essar,14000341,NTR
1232320381,way,16.9909141,80.5127218,Bharat Petroleum,14000341,NTR
1328101363,way,16.6931691,80.3730183,Indian Oil,14000341,NTR
4523818770,node,15.4497013,78.1475117,Bharat Petroleum,14000280,Nandyal
4576985272,node,16.0699684,78.9087296,HP Gas,14000280,Nandyal
11586583595,node,15.1411464,78.1142706,NANDHI FILLING STATION,14000280,Nandyal
12098336330,node,15.366414,77.8294334,Bharat Petroleum,14000280,Nandyal
12106365008,node,15.4598851,78.1547665,HP,14000280,Nandyal
12106365009,node,15.3145317,77.9675272,HP,14000280,Nandyal
12106365018,node,15.7699623,78.2902273,Indian Oil,14000280,Nandyal
12106365019,node,15.8401777,78.4927744,Indian Oil,14000280,Nandyal
12106365032,node,15.3193663,78.2293153,GM movie theatre,14000280,Nandyal
12106365033,node,15.9297786,78.5523497,Essar,14000280,Nandyal
12106365049,node,15.4055054,78.0732611,Indian Oil,14000280,Nandyal
12106365051,node,15.227649,78.3195401,Bharat Petroleum,14000280,Nandyal
12116989734,node,16.072089,78.8714745,Indian Oil,14000280,Nandyal
1285046744,way,15.2547293,77.7548841,Hindustan Petroleum Corporation Limited,14000280,Nandyal
1436667953,way,15.3199652,78.2253152,HP,14000280,Nandyal
5444428323,node,16.2260916,80.0671889,Indianoil,14000417,Palnadu
5444434121,node,16.2255057,80.066828,Reliance petrol bunk,14000417,Palnadu
5444447027,node,16.2307829,80.0615759,Indianoilbunk,14000417,Palnadu
5444471721,node,16.2381954,80.0431158,HP Petrol bunk,14000417,Palnadu
5444685824,node,16.2299444,80.0630544,Bharat petrol bunk,14000417,Palnadu
5444715825,node,16.2309214,80.0613149,Indian petrol bunk,14000417,Palnadu
5445265823,node,16.2467318,80.0272229,Indian oil petrol bunk,14000417,Palnadu
5445265824,node,16.2567003,80.0130432,Hp petrol bunk,14000417,Palnadu
5445282621,node,16.2529458,80.0189178,Bharat petroleum,14000417,Palnadu
5445300878,node,16.3528518,79.9502372,Bharat petroleum,14000417,Palnadu
5445307431,node,16.47989,79.8912704,Bharat petroleum,14000417,Palnadu
5445322025,node,16.4622522,79.9179428,HP,14000417,Palnadu
5445322026,node,16.4718749,79.9046171,Indian oil petrol pump,14000417,Palnadu
5445364121,node,16.4786315,79.8965993,Hp fuel station,14000417,Palnadu
5447259722,node,16.238021,80.0544941,HPCL Petrol Pump,14000417,Palnadu
5447547136,node,16.2118856,80.0532298,Petrol Bunk,14000417,Palnadu
5449848724,node,16.239884,80.0776894,Jonnalagadda Petrol Pump,14000417,Palnadu
5568518915,node,16.071807,80.1548509,Reliance,14000417,Palnadu
5760288299,node,16.1010642,80.1693606,Indian Oil,14000417,Palnadu
11021323009,node,16.0470031,80.1407451,Bharat Petroleum,14000417,Palnadu
11021339805,node,16.1494466,80.2029768,HP,14000417,Palnadu
11359876640,node,16.214467,79.9154997,HP,14000417,Palnadu
11360973952,node,16.5760739,79.7696726,HP,14000417,Palnadu
11360973953,node,16.5415755,79.793412,Bharat Petroleum,14000417,Palnadu
11360973954,node,16.6007336,79.7253896,HP,14000417,Palnadu
11360973956,node,16.6150409,79.7122307,Indian Oil,14000417,Palnadu
11360973957,node,16.5360835,79.8030647,HP,14000417,Palnadu
11360973958,node,16.5008773,79.8504105,Bharat Petroleum,14000417,Palnadu
11360973959,node,16.5326937,79.8087536,Indian Oil,14000417,Palnadu
11360973960,node,16.587876,79.7517535,Indian Oil,14000417,Palnadu
11360988923,node,16.3602363,79.9491649,Indian Oil,14000417,Palnadu
11360988924,node,16.3379073,79.9486087,HP,14000417,Palnadu
11583629704,node,16.565369,80.3709082,Indian Oil,14000417,Palnadu
11583629705,node,16.5698296,80.3642459,Essar,14000417,Palnadu
11583691114,node,16.5772505,80.3534371,Bharat Petroleum,14000417,Palnadu
11693546278,node,16.1064982,80.1709868,Indian Oil,14000417,Palnadu
11693986626,node,16.1064981,80.1709867,Indian Oil,14000417,Palnadu
11694143034,node,16.0956705,80.1653542,HP,14000417,Palnadu
11778825117,node,16.1099574,79.8227591,Hindustan Petroleum,14000417,Palnadu
12106345329,node,16.5518522,80.1345266,Bharat Petroleum,14000417,Palnadu
12106345338,node,16.492381,80.1424327,Bharat Petroleum,14000417,Palnadu
12116967054,node,16.1416835,80.0395042,Indian Oil,14000417,Palnadu
12116967066,node,16.2247253,79.7773695,HP,14000417,Palnadu
12116967067,node,16.2208504,79.779786,Indian Oil,14000417,Palnadu
12116967092,node,16.1819683,79.6908688,Bharat Petroleum,14000417,Palnadu
12116989722,node,16.116222,79.6631761,Bharat Petroleum,14000417,Palnadu
12116989736,node,16.2050981,80.0375258,Indian Oil,14000417,Palnadu
12492038544,node,16.0580122,79.7533641,Bharat Petroleum,14000417,Palnadu
6369646895,node,18.6050349,83.7475901,Indian Oil,13998425,Parvathipuram Manyam
8113882417,node,18.7710089,83.4226236,Bharat Petroleum,13998425,Parvathipuram Manyam
11431615425,node,19.0070968,83.7858977,Sri Kanthamma Filling Station,13998425,Parvathipuram Manyam
11829080778,node,18.5267109,83.1329408,HP,13998425,Parvathipuram Manyam
11971070467,node,18.7717222,83.5080544,H P Petrol Bunk,13998425,Parvathipuram Manyam
12040975042,node,18.5980519,83.7659782,Hp,13998425,Parvathipuram Manyam
12096810042,node,18.6964177,83.8176568,HP,13998425,Parvathipuram Manyam
12096869240,node,18.4840805,83.1146272,Indian Oil,13998425,Parvathipuram Manyam
13351720436,node,18.7689404,83.421652,HP,13998425,Parvathipuram Manyam
13351720450,node,18.7707718,83.4225237,HP,13998425,Parvathipuram Manyam
2155842162,node,16.0280674,79.306869,Indian Oil,2022278,Prakasam
2155842354,node,16.0194726,79.3090255,Bharat Petroleum,2022278,Prakasam
4010394219,node,15.4893881,80.048161,Petron,2022278,Prakasam
5568402188,node,15.5922816,80.0340083,Bharat Petroleum,2022278,Prakasam
6861710856,node,15.7546654,79.6726074,Sri Hari Fuel Point,2022278,Prakasam
11018853606,node,15.399815,80.0398019,Indian Oil,2022278,Prakasam
11018853609,node,15.3997361,80.0389933,HP,2022278,Prakasam
11018853611,node,15.4079248,80.0389113,Bharat Petroleum,2022278,Prakasam
11018853612,node,15.3985744,80.0397625,Bharat Petroleum,2022278,Prakasam
11018896617,node,15.5039577,80.0297914,Bharat Petroleum,2022278,Prakasam
11018896618,node,15.528466,80.0485796,Indian Oil,2022278,Prakasam
11018905218,node,15.6055481,80.027706,Indian Oil,2022278,Prakasam
11018905220,node,15.6243875,80.0205775,HP,2022278,Prakasam
11018905222,node,15.6791563,80.016834,HP,2022278,Prakasam
11359857509,node,15.4073351,80.0398321,HP,2022278,Prakasam
11648364679,node,15.283678,79.4672406,Petrol pump,2022278,Prakasam
11672510671,node,15.5459844,80.1085857,HP petrol bunk,2022278,Prakasam
11677222297,node,15.3480937,80.0378364,Bharat Petroleum,2022278,Prakasam
11677222298,node,15.3461599,80.037057,Nayara,2022278,Prakasam
11691066696,node,15.2651362,80.0254179,Indian Oil,2022278,Prakasam
11728319750,node,15.5007724,80.0278156,HP,2022278,Prakasam
12002236833,node,15.5856422,80.0801435,Bharat Petroleum,2022278,Prakasam
12002276329,node,15.5660143,80.0712957,Bharat Petroleum,2022278,Prakasam
12002679426,node,15.5230153,80.0472574,Bharat Petroleum,2022278,Prakasam
12002679428,node,15.5230264,80.0457196,HP,2022278,Prakasam
12002679430,node,15.5100896,80.0461583,HP,2022278,Prakasam
12002679431,node,15.5098346,80.0466423,HP,2022278,Prakasam
12116313905,node,15.3174068,79.6883388,HP,2022278,Prakasam
12116967055,node,15.3797834,78.9372277,HP,2022278,Prakasam
12116967056,node,15.3742381,78.9061731,Indian Oil,2022278,Prakasam
12116967057,node,15.3791859,78.9332864,Bharat Petroleum,2022278,Prakasam
12116967058,node,15.3767457,80.1107321,Bharat Petroleum,2022278,Prakasam
12116967068,node,15.4026797,79.0450073,Essar,2022278,Prakasam
12116967072,node,15.6577797,79.756586,Essar,2022278,Prakasam
12116967079,node,15.3738357,78.8776908,Essar,2022278,Prakasam
12116967080,node,15.3724481,79.7297148,HP,2022278,Prakasam
12116967086,node,15.5393534,79.0980856,Indian Oil,2022278,Prakasam
12116967087,node,15.5402857,79.0991918,Indian Oil,2022278,Prakasam
12116967088,node,15.5380721,79.0981276,Bharat Petroleum,2022278,Prakasam
12116967089,node,15.4723194,78.9692749,Indian Oil,2022278,Prakasam
12116967094,node,15.71464,79.8387094,HP,2022278,Prakasam
12116967098,node,15.6622361,79.9538269,Indian Oil,2022278,Prakasam
12116989703,node,15.5903377,80.1471044,Indian Oil,2022278,Prakasam
12116989705,node,15.5341245,79.9967487,Bharat Petroleum,2022278,Prakasam
12116989712,node,15.5562532,79.9335561,Essar,2022278,Prakasam
12116989716,node,15.5513945,80.0660211,HP petrol bunk,2022278,Prakasam
12116989717,node,15.3876848,79.0379389,HP,2022278,Prakasam
12116989728,node,15.9932539,79.4478426,Essar,2022278,Prakasam
12116989729,node,15.5645387,79.1117581,Essar,2022278,Prakasam
12116989730,node,15.4814962,79.9092576,Essar,2022278,Prakasam
12116989735,node,15.7057933,79.8443565,Indian Oil,2022278,Prakasam
12116989740,node,15.542803,79.948878,HP,2022278,Prakasam
12116989750,node,15.4138398,79.8630523,HP,2022278,Prakasam
12116989757,node,15.6489226,79.4918412,HP,2022278,Prakasam
12116989762,node,15.6509756,79.4859296,Bharat Petroleum,2022278,Prakasam
12116989766,node,16.0311408,79.4968487,Indian Oil,2022278,Prakasam
12116989771,node,16.1589123,79.522155,Essar,2022278,Prakasam
12492083970,node,15.6669472,80.1601893,Nayara,2022278,Prakasam
12596333715,node,15.5452815,80.1165041,Bharat petroleum BPCL- Sri Ankamma thalli filling station,2022278,Prakasam
12597204891,node,15.5126196,80.0407281,Sai Ratna Filling Station Hindustan Petroleum,2022278,Prakasam
12597557671,node,15.5124657,80.0407057,Reliance Petrol Pump ongole,2022278,Prakasam
1414487106,way,15.4129576,79.8671082,Bharat Petroleum,2022278,Prakasam
1414487306,way,15.3384761,79.8228042,Bharat Petroleum,2022278,Prakasam
1474015052,node,14.4507733,79.9892749,Petrol Bunk,2022291,Sri Potti Sriramulu Nellore
1474043295,node,14.4527464,79.9841474,Petrol Bunk,2022291,Sri Potti Sriramulu Nellore
1474868810,node,14.457619,79.9898953,Petrol Bunk,2022291,Sri Potti Sriramulu Nellore
1475054522,node,14.454162,79.98529,Petrol Bunk,2022291,Sri Potti Sriramulu Nellore
1722820226,node,14.4382027,79.9710346,KVR Petrol Pump,2022291,Sri Potti Sriramulu Nellore
1871183010,node,14.2247822,79.8809095,Indian Oil,2022291,Sri Potti Sriramulu Nellore
1871183011,node,14.2468887,79.8906067,Indian Oil,2022291,Sri Potti Sriramulu Nellore
1871188413,node,14.4536857,80.008688,Bharat Petroleum,2022291,Sri Potti Sriramulu Nellore
3392083158,node,15.1595497,80.0085162,Bharat Petroleum,2022291,Sri Potti Sriramulu Nellore
11017314076,node,14.2022494,79.8753813,HP,2022291,Sri Potti Sriramulu Nellore
11359840165,node,14.2651383,79.9019626,HP,2022291,Sri Potti Sriramulu Nellore
11801796636,node,14.8011546,79.3494883,Indian Oil,2022291,Sri Potti Sriramulu Nellore
11801797218,node,14.5340281,79.8800487,Bharat Petroleum,2022291,Sri Potti Sriramulu Nellore
11801797219,node,14.5240989,79.8972866,HP,2022291,Sri Potti Sriramulu Nellore
11801797220,node,14.5193383,79.9075052,Indian Oil,2022291,Sri Potti Sriramulu Nellore
11801797230,node,14.4812245,79.9829729,Bharat Petroleum,2022291,Sri Potti Sriramulu Nellore
12108557081,node,14.5282796,79.8801535,Indian Oil,2022291,Sri Potti Sriramulu Nellore
12108557082,node,14.5763481,80.079659,Indian Oil,2022291,Sri Potti Sriramulu Nellore
12108557083,node,14.477236,79.9645222,HP,2022291,Sri Potti Sriramulu Nellore
12108557087,node,14.507032,80.0059906,Indian Oil,2022291,Sri Potti Sriramulu Nellore
12108557089,node,14.5025251,79.9916579,Bharat Petroleum,2022291,Sri Potti Sriramulu Nellore
12108557093,node,14.5751184,80.0784216,Bharat Petroleum,2022291,Sri Potti Sriramulu Nellore
12108557094,node,14.4956524,79.9911785,Indian Oil,2022291,Sri Potti Sriramulu Nellore
12116097683,node,14.8779818,79.3053188,HP,2022291,Sri Potti Sriramulu Nellore
12116097686,node,14.1994715,79.5431861,HP,2022291,Sri Potti Sriramulu Nellore
12116097688,node,14.9893487,79.6812374,HP,2022291,Sri Potti Sriramulu Nellore
12116097694,node,15.0216912,79.1402279,Indian Oil,2022291,Sri Potti Sriramulu Nellore
12116313904,node,14.2585028,79.5947859,Essar,2022291,Sri Potti Sriramulu Nellore
12116313918,node,14.8443273,79.4086588,Bharat Petroleum,2022291,Sri Potti Sriramulu Nellore
12116313919,node,14.9861785,79.4202697,HP,2022291,Sri Potti Sriramulu Nellore
12116313948,node,14.5063664,80.1591949,Bharat Petroleum,2022291,Sri Potti Sriramulu Nellore
12116313960,node,14.2269589,79.8817257,Bharat Petroleum,2022291,Sri Potti Sriramulu Nellore
12492099401,node,15.2171234,79.9073683,Bharat Petroleum,2022291,Sri Potti Sriramulu Nellore
12492099402,node,15.2206705,79.9136516,Indian Oil,2022291,Sri Potti Sriramulu Nellore
12492099403,node,15.2198197,79.9121164,HP,2022291,Sri Potti Sriramulu Nellore
12492099404,node,15.220581,79.9150398,Bharat Petroleum,2022291,Sri Potti Sriramulu Nellore
13204687748,node,14.4193776,79.9562537,BM Reddy Filling Station,2022291,Sri Potti Sriramulu Nellore
1825008746,node,14.2908437,77.6280648,HP Petrol Bunk,13997968,Sri Sathya Sai
11998123413,node,14.1006225,78.1635651,Indian Gas Station,13997968,Sri Sathya Sai
12109832610,node,14.356668,77.9898952,Indian Oil,13997968,Sri Sathya Sai
12115230240,node,14.1736858,77.8816702,Indian Oil,13997968,Sri Sathya Sai
12115230259,node,13.9631588,77.6810458,Indian Oil,13997968,Sri Sathya Sai
12115230270,node,13.9824692,77.778394,Bharat Petroleum,13997968,Sri Sathya Sai
12115230275,node,14.4875951,77.4629279,Indian Oil,13997968,Sri Sathya Sai
12115230276,node,14.0209182,77.9936845,Indian Oil,13997968,Sri Sathya Sai
12115244506,node,14.4557071,77.5209956,Bharat Petroleum,13997968,Sri Sathya Sai
12115244517,node,14.1885652,77.7670076,Indian Oil,13997968,Sri Sathya Sai
12115244520,node,14.0041009,77.9794872,Indian Oil,13997968,Sri Sathya Sai
12737008901,node,14.4010142,77.6377501,HP Petrol Station,13997968,Sri Sathya Sai
1202570873,way,14.4533583,77.6278184,Bharat Petroleum,13997968,Sri Sathya Sai
1292165226,way,14.1155255,78.1584405,HP Petrol Pump,13997968,Sri Sathya Sai
2278573823,node,19.0298807,84.6190254,Bharat Petroleum,2022096,Srikakulam
3994325981,node,18.2970082,83.9030173,Indian Oil,2022096,Srikakulam
4798383406,node,18.674893,83.9488235,Petrol Bunk,2022096,Srikakulam
6231498286,node,18.3067618,83.8941928,HP,2022096,Srikakulam
6231499425,node,18.3098614,83.9195869,Indian Oil,2022096,Srikakulam
9903926849,node,18.3136806,83.8945038,Bharat Petroleum,2022096,Srikakulam
9903926855,node,18.2947811,83.9001801,Bharat Petroleum,2022096,Srikakulam
11245062564,node,18.5358198,84.2009381,Bharat Petroleum,2022096,Srikakulam
11633604693,node,18.4073244,83.8936663,HP,2022096,Srikakulam
11633628883,node,18.3776214,83.8996772,Bharat Petroleum,2022096,Srikakulam
11633628891,node,18.3408147,83.8928795,Essar,2022096,Srikakulam
11633628892,node,18.3404361,83.8927873,Bharat Petroleum,2022096,Srikakulam
11633628897,node,18.3213022,83.8941244,Indian Oil,2022096,Srikakulam
11634014014,node,18.290419,83.8514125,Indian Oil,2022096,Srikakulam
11634014015,node,18.283927,83.8396516,Indian Oil,2022096,Srikakulam
11634014658,node,18.2429614,83.7606182,Bharat Petroleum,2022096,Srikakulam
11634038110,node,18.2639295,83.7945556,Nayara,2022096,Srikakulam
11634038111,node,18.2606683,83.7882166,Bharat Petroleum,2022096,Srikakulam
11634667187,node,18.1916473,83.683069,HP,2022096,Srikakulam
11634667216,node,18.2091737,83.6944084,HP,2022096,Srikakulam
11634667217,node,18.2266849,83.7110498,Bharat Petroleum,2022096,Srikakulam
11634667220,node,18.1593198,83.6524874,Indian Oil,2022096,Srikakulam
11634667295,node,18.1393372,83.617684,Indian Oil,2022096,Srikakulam
11828831309,node,18.4363841,84.0712524,Indian Oil,2022096,Srikakulam
11828831486,node,18.5214352,84.1505651,Indian Oil,2022096,Srikakulam
11828831516,node,18.5307062,84.1603119,Bharat Petroleum,2022096,Srikakulam
11828831540,node,18.5340701,84.1662022,Bharat Petroleum,2022096,Srikakulam
11828831561,node,18.545654,84.1748637,HP,2022096,Srikakulam
11828831601,node,18.5668337,84.1923012,Reliance,2022096,Srikakulam
11828831626,node,18.5681352,84.1935387,Indian Oil,2022096,Srikakulam
11828831639,node,18.574937,84.2024955,Bharat Petroleum,2022096,Srikakulam
11828831656,node,18.6798921,84.3204261,Indian Oil,2022096,Srikakulam
11828831661,node,18.7159528,84.3527591,Indian Oil,2022096,Srikakulam
11828831715,node,18.8646665,84.509811,Indian Oil,2022096,Srikakulam
11828831740,node,19.0499781,84.636241,Indian Oil,2022096,Srikakulam
11977439935,node,18.2650773,83.6732029,Indian Oil,2022096,Srikakulam
12096810032,node,18.7144323,84.3460194,Bharat Petroleum,2022096,Srikakulam
12096810033,node,18.7159881,84.3527748,Indian Oil,2022096,Srikakulam
12096810036,node,18.3264004,84.0506304,Bharat Petroleum,2022096,Srikakulam
12096810039,node,18.5405536,83.9171769,HP,2022096,Srikakulam
12096810040,node,18.6941084,84.3279125,HP,2022096,Srikakulam
12096810041,node,18.4667552,83.9044796,Essar,2022096,Srikakulam
12096810043,node,18.9548741,84.5801034,Indian Oil,2022096,Srikakulam
12096810045,node,18.4183658,84.1638016,Essar,2022096,Srikakulam
12096810046,node,18.4183403,84.1631475,Indian Oil,2022096,Srikakulam
12096810049,node,18.4930025,84.0631883,Indian Oil,2022096,Srikakulam
12096810050,node,18.290573,83.9489066,HP,2022096,Srikakulam
12096810051,node,18.2901255,83.9468834,Essar,2022096,Srikakulam
12096810054,node,18.3667208,83.9772513,Indian Oil,2022096,Srikakulam
12096810059,node,18.5045732,83.8346956,Indian Oil,2022096,Srikakulam
12096810060,node,18.5046473,83.8337025,HP,2022096,Srikakulam
12096856350,node,18.2654686,83.6729227,Indian Oil,2022096,Srikakulam
12096856351,node,18.2710205,83.671432,HP,2022096,Srikakulam
12096856353,node,18.2933349,83.8625746,Indian Oil,2022096,Srikakulam
12096856354,node,18.3677981,83.6013641,Essar,2022096,Srikakulam
12096856361,node,18.3512447,83.7654137,Bharat Petroleum,2022096,Srikakulam
12096856367,node,18.3838371,83.6827965,Essar,2022096,Srikakulam
12096856372,node,18.2858997,83.7978854,Essar,2022096,Srikakulam
12096856377,node,18.3516105,83.7680058,Indian Oil,2022096,Srikakulam
278781139,way,18.3053918,83.8965127,petrol bunk,2022096,Srikakulam
243711621,node,13.6294533,79.4390308,Petrol Bunk,13997802,Tirupati
448186338,node,13.6156819,79.3630087,Petrol Pump,13997802,Tirupati
2157024598,node,14.0338762,79.8951472,Bharat Petroleum,13997802,Tirupati
2157099809,node,14.1145156,79.876815,Indian Oil,13997802,Tirupati
2334684682,node,13.5373308,79.5275771,Indian Oil,13997802,Tirupati
2334684686,node,13.46838,79.5428143,Reliance,13997802,Tirupati
2599226284,node,13.6525788,79.421296,Indian Oil,13997802,Tirupati
3641803761,node,13.6428602,79.418543,Indian Oil,13997802,Tirupati
4453205589,node,13.6227424,79.4300783,Bharath Petroleum,13997802,Tirupati
4453205989,node,13.6259249,79.4306967,HP,13997802,Tirupati
5092908165,node,13.453991,79.1613495,Indian Oil,13997802,Tirupati
5923293125,node,13.7359329,79.6773603,Indian Oil,13997802,Tirupati
5923307605,node,13.6833973,79.5747912,HP,13997802,Tirupati
9794782313,node,13.5784493,79.3109901,HP,13997802,Tirupati
9794782331,node,13.5784375,79.3094002,Indian Oil,13997802,Tirupati
9794782356,node,13.5786642,79.3012773,Bharat Petroleum,13997802,Tirupati
11017314074,node,13.9787871,79.898622,Indian Oil,13997802,Tirupati
11017314075,node,14.1212127,79.8714931,Bharat Petroleum,13997802,Tirupati
11017314078,node,14.0782846,79.8897322,Indian Oil,13997802,Tirupati
11017314079,node,14.136937,79.8643652,HP,13997802,Tirupati
11024026311,node,13.6408235,79.5140683,Sravani filling station,13997802,Tirupati
11359798339,node,13.837194,79.8090949,Indian Oil,13997802,Tirupati
11359798340,node,13.8812145,79.8702372,Indian Oil,13997802,Tirupati
11359799213,node,13.7759516,79.730467,HP,13997802,Tirupati
11359799215,node,13.7419597,79.6830476,Bharat Petroleum,13997802,Tirupati
11359799216,node,13.7283117,79.6689942,HP,13997802,Tirupati
11359840164,node,14.0369284,79.8953256,Indian Oil,13997802,Tirupati
11463186849,node,14.1658424,79.7834669,IndianOil,13997802,Tirupati
11802245928,node,13.4829432,79.0424055,Indian Oil,13997802,Tirupati
12106379255,node,13.3709911,79.8108328,Indian Oil,13997802,Tirupati
12106379256,node,13.5887915,79.3176036,Bharat Petroleum,13997802,Tirupati
12106379257,node,13.4071698,79.6253258,Bharat Petroleum,13997802,Tirupati
12106379264,node,13.6263106,79.5652086,Essar,13997802,Tirupati
12106379269,node,13.4058471,79.6439444,Indian Oil,13997802,Tirupati
12106379270,node,13.6440055,79.8945873,Essar,13997802,Tirupati
12106379282,node,13.6023491,79.9297638,Indian Oil,13997802,Tirupati
12106379284,node,13.584546,79.4081002,Indian Oil,13997802,Tirupati
12106379292,node,13.6679758,79.505597,Indian Oil,13997802,Tirupati
12106379294,node,13.509539,80.0946593,Indian Oil,13997802,Tirupati
12106379295,node,13.6078568,79.5552075,Indian Oil,13997802,Tirupati
12116097691,node,14.1140209,79.9163797,HP,13997802,Tirupati
12116097697,node,14.0392515,80.0525297,Indian Oil,13997802,Tirupati
12116313926,node,14.1310142,79.9865013,HP,13997802,Tirupati
12116313943,node,14.1497501,80.0295575,Indian Oil,13997802,Tirupati
12116313945,node,14.0362465,80.0247074,Indian Oil,13997802,Tirupati
12116313949,node,13.9444656,80.0583279,Indian Oil,13997802,Tirupati
12116313954,node,14.0781303,80.0906699,Bharat Petroleum,13997802,Tirupati
12116313956,node,14.1417225,80.010889,Bharat Petroleum,13997802,Tirupati
12116313959,node,14.0112599,80.0623946,HP,13997802,Tirupati
12116313964,node,13.9595732,80.1120982,Bharat Petroleum,13997802,Tirupati
12582245338,node,13.5527295,79.5363532,Nayara,13997802,Tirupati
12582257295,node,13.5926516,79.5127781,Indian Oil,13997802,Tirupati
12582295058,node,13.612926,79.452068,Indian Oil,13997802,Tirupati
12630016863,node,13.6585942,79.5533692,Indian Oil,13997802,Tirupati
12630020371,node,13.6037715,79.4189808,Nayara,13997802,Tirupati
12935907319,node,13.6648681,79.5138545,Indian Oil,13997802,Tirupati
12936105256,node,13.6855169,79.508891,Indian Oil,13997802,Tirupati
13095727241,node,13.4523954,79.5485244,Indian Oil,13997802,Tirupati
13095727431,node,13.4518174,79.5486929,Bharat Petroleum,13997802,Tirupati
13095727925,node,13.4407906,79.5520196,HP,13997802,Tirupati
13392808883,node,13.5802303,80.0404016,Bharat Petroleum,13997802,Tirupati
13392808889,node,13.5757167,80.0441827,Indian Oil,13997802,Tirupati
638935675,way,13.7950098,79.9449551,Bharat Petroleum,13997802,Tirupati
1124747677,way,13.4780085,79.1884494,HP,13997802,Tirupati
1124747681,way,13.4847058,79.1975083,Nayara,13997802,Tirupati
1124747684,way,13.5792043,79.2784788,HP,13997802,Tirupati
1124750626,way,13.6520177,79.4225998,Indian Oil,13997802,Tirupati
1124750635,way,13.6256297,79.4311063,Indian Oil,13997802,Tirupati
1124750644,way,13.6225189,79.423817,Bharat Petroleum,13997802,Tirupati
1307627402,way,13.6685904,79.5660903,Reliance,13997802,Tirupati
1346522199,way,13.6161819,79.4859113,Bharat Petroleum,13997802,Tirupati
1346522200,way,13.6171964,79.4927072,HP,13997802,Tirupati
1134100309,node,17.7205886,83.3204553,HP Petrol Station,2022111,Visakhapatnam
1467983566,node,17.7523929,83.2179108,Gopalapatnam Petrol Bunk,2022111,Visakhapatnam
2332924896,node,17.7402842,83.3133993,Indian Oil,2022111,Visakhapatnam
3057300997,node,17.6838902,83.2023707,Bharat Petroleum,2022111,Visakhapatnam
3919934127,node,17.7211915,83.3195835,HP,2022111,Visakhapatnam
4965290729,node,17.6888138,83.2407091,HP Millinium Petrol Bunk,2022111,Visakhapatnam
5007138358,node,17.7433012,83.2354977,Indian Oil,2022111,Visakhapatnam
5007138368,node,17.7406326,83.2493018,HP,2022111,Visakhapatnam
5259923833,node,17.6854935,83.2168238,Bharat Petroleum,2022111,Visakhapatnam
5873101450,node,17.7713227,83.235109,HP,2022111,Visakhapatnam
9958397637,node,17.8863729,83.3268775,Bharat Petroleum,2022111,Visakhapatnam
9958398007,node,17.8606625,83.282818,Indian Oil,2022111,Visakhapatnam
11505242373,node,18.0532989,83.4006684,HP,2022111,Visakhapatnam
11508441379,node,17.8418426,83.1989028,Bharat Petroleum,2022111,Visakhapatnam
11516917074,node,17.8325527,83.3582687,Bharat Petroleum,2022111,Visakhapatnam
11533961229,node,17.8130231,83.1741495,HP,2022111,Visakhapatnam
11568858410,node,17.8252268,83.2043089,HP,2022111,Visakhapatnam
11568858411,node,17.8234849,83.204841,Bharat Petroleum,2022111,Visakhapatnam
11568858430,node,17.796814,83.211615,HP,2022111,Visakhapatnam
11568880935,node,17.7864627,83.2137438,HP,2022111,Visakhapatnam
11568880943,node,17.7719597,83.2164098,Indian Oil,2022111,Visakhapatnam
11568906512,node,17.7452446,83.2243377,Bharat Petroleum,2022111,Visakhapatnam
11568906525,node,17.7406802,83.2427792,Indian Oil,2022111,Visakhapatnam
11568906528,node,17.7408795,83.2469307,Bharat Petroleum,2022111,Visakhapatnam
11609374766,node,17.7254359,83.299769,Indian Oil,2022111,Visakhapatnam
11609443014,node,17.7352955,83.2685178,HP,2022111,Visakhapatnam
11609619166,node,17.7248642,83.3091477,Bharat Petroleum,2022111,Visakhapatnam
11609672375,node,17.7248721,83.307758,HP,2022111,Visakhapatnam
11611089057,node,17.7303758,83.3148305,HP,2022111,Visakhapatnam
11645622575,node,17.9324481,83.4273217,Bharat Petroleum,2022111,Visakhapatnam
11647277517,node,17.7302952,83.3064333,Reliance,2022111,Visakhapatnam
11647371221,node,17.7165075,83.2048367,Bharat Petroleum,2022111,Visakhapatnam
11647371239,node,17.6832375,83.1909558,Indian Oil,2022111,Visakhapatnam
11647371242,node,17.6834641,83.1863237,HP,2022111,Visakhapatnam
11647371243,node,17.6856701,83.1713148,HP,2022111,Visakhapatnam
11647371244,node,17.6848848,83.1713528,Indian Oil,2022111,Visakhapatnam
11647371248,node,17.685094,83.1611144,HP,2022111,Visakhapatnam
11730387563,node,17.6844549,83.202004,Indian Oil,2022111,Visakhapatnam
11738870963,node,17.9053122,83.4066291,Bharat Petroleum,2022111,Visakhapatnam
11738870965,node,17.9010602,83.397279,Bharat Petroleum,2022111,Visakhapatnam
11738870966,node,17.9021826,83.397271,Bharat Petroleum,2022111,Visakhapatnam
11738910164,node,17.8267036,83.3577857,Indian Oil,2022111,Visakhapatnam
11738937671,node,17.8978426,83.38458,HP,2022111,Visakhapatnam
11740544056,node,17.7782898,83.3539459,HP,2022111,Visakhapatnam
11740567973,node,17.7617511,83.333897,Bharat Petroleum,2022111,Visakhapatnam
11740884410,node,17.7324077,83.3177665,Indian Oil,2022111,Visakhapatnam
11740884412,node,17.737796,83.3224306,Bharat Petroleum,2022111,Visakhapatnam
11754985090,node,17.8100317,83.1699425,Indian Oil,2022111,Visakhapatnam
11758975988,node,17.8341065,83.3593392,HP,2022111,Visakhapatnam
11800229965,node,17.741111,83.3278823,Indian Oil,2022111,Visakhapatnam
11800229985,node,17.7475395,83.3315927,Bharat Petroleum,2022111,Visakhapatnam
11801296960,node,17.7171654,83.2891785,Indian Oil,2022111,Visakhapatnam
11801357884,node,17.743024,83.344147,Indian Oil,2022111,Visakhapatnam
11801357885,node,17.729016,83.3273686,Indian Oil,2022111,Visakhapatnam
11818010461,node,17.729558,83.3290038,HP,2022111,Visakhapatnam
11861821479,node,17.690602,83.2323297,Indian Oil,2022111,Visakhapatnam
11874836865,node,17.7382485,83.3047647,HP,2022111,Visakhapatnam
12096869239,node,17.9034473,83.4437435,HP,2022111,Visakhapatnam
12096869246,node,17.9607574,83.3813433,Bharat Petroleum,2022111,Visakhapatnam
12184382957,node,17.7464908,83.2401622,Reliance,2022111,Visakhapatnam
12713010157,node,17.7094917,83.3009633,HP,2022111,Visakhapatnam
12837010567,node,17.6874666,83.2556274,Indian Oil,2022111,Visakhapatnam
12894529678,node,17.8706392,83.2919178,HP,2022111,Visakhapatnam
12899743608,node,17.7711973,83.2351875,HP,2022111,Visakhapatnam
13096777779,node,17.7276605,83.2931792,Indian Oil,2022111,Visakhapatnam
13314245144,node,17.7000535,83.3029208,Bharat Petroleum,2022111,Visakhapatnam
13316892858,node,17.7318297,83.2995447,Bharat Petroleum,2022111,Visakhapatnam
544543786,way,17.691141,83.2279023,Petrol,2022111,Visakhapatnam
640196776,way,17.7109079,83.3016377,HP Fuel Station,2022111,Visakhapatnam
975033584,way,17.6607257,83.1675745,Ravi Rays Indian Oil Petrol Bunk,2022111,Visakhapatnam
976874621,way,17.643508,83.1669275,HP Petrol Bunk,2022111,Visakhapatnam
3997523437,node,18.0831597,83.5499776,HP,2022097,Vizianagaram
7244129752,node,18.1021328,83.418213,Bharat Petroleum,2022097,Vizianagaram
8117755640,node,18.4495105,83.6611219,M/S P Satyanarayana Guptha Bharat Petroleum,2022097,Vizianagaram
11491683237,node,18.0835011,83.3858964,HP,2022097,Vizianagaram
11491683244,node,18.0832487,83.3852493,Reliance,2022097,Vizianagaram
11491717236,node,18.1078699,83.3965654,HP,2022097,Vizianagaram
11491717238,node,18.1072854,83.3964294,Bharat Petroleum,2022097,Vizianagaram
11504889353,node,17.9537059,83.2165265,Nayara,2022097,Vizianagaram
11504948414,node,17.9979909,83.2458608,Indian Oil,2022097,Vizianagaram
11505009919,node,18.0448532,83.292587,Indian Oil,2022097,Vizianagaram
11505394434,node,18.0570651,83.4067001,Indian Oil,2022097,Vizianagaram
11508491125,node,17.8836376,83.1883926,Bharat Petroleum,2022097,Vizianagaram
11542178769,node,17.9509169,83.2152128,Bharat Petroleum,2022097,Vizianagaram
11543193086,node,18.1091409,83.4027757,Bharat Petroleum,2022097,Vizianagaram
11543294191,node,17.9902682,83.2375846,HP,2022097,Vizianagaram
11559118571,node,17.9576879,83.1775608,Indian Oil,2022097,Vizianagaram
11563404853,node,18.107146,83.3974455,Indian Oil,2022097,Vizianagaram
11563437582,node,18.1364896,83.4316265,HP,2022097,Vizianagaram
11563437583,node,18.136777,83.4311482,Bharat Petroleum,2022097,Vizianagaram
11593547738,node,18.1104636,83.4079835,HP,2022097,Vizianagaram
11634667280,node,18.1280346,83.5896755,Bharat Petroleum,2022097,Vizianagaram
11645609380,node,18.0389987,83.4064186,Bharat Petroleum,2022097,Vizianagaram
11645609411,node,18.0208864,83.4052924,HP,2022097,Vizianagaram
11645609421,node,17.9792843,83.4163796,Indian Oil,2022097,Vizianagaram
11645609450,node,17.9353996,83.437644,Nayara,2022097,Vizianagaram
11645622588,node,17.9524131,83.4164264,HP,2022097,Vizianagaram
11707300812,node,18.125173,83.4204861,Indian Oil,2022097,Vizianagaram
11711579926,node,18.1140366,83.4228648,HP,2022097,Vizianagaram
11711579950,node,18.1034421,83.408316,HP,2022097,Vizianagaram
11725370385,node,17.9020582,83.1858019,HP,2022097,Vizianagaram
11744893096,node,17.9818815,83.1697419,Indian Oil,2022097,Vizianagaram
11744893105,node,17.9746861,83.174632,Essar,2022097,Vizianagaram
11756532457,node,17.9642466,83.4266805,Indian Oil,2022097,Vizianagaram
11758972423,node,17.9646458,83.4323352,Indian Oil,2022097,Vizianagaram
11829080410,node,18.4830533,83.2851212,Ramabhadrapuram Petrol Bunk,2022097,Vizianagaram
11881049250,node,18.1017549,83.1372754,Indian Oil,2022097,Vizianagaram
12096856355,node,18.5367145,83.7221101,Essar,2022097,Vizianagaram
12096856359,node,18.4431935,83.6516419,HP,2022097,Vizianagaram
12096856360,node,18.2077776,83.4653973,Indian Oil,2022097,Vizianagaram
12096856376,node,18.4312983,83.6456217,Bharat Petroleum,2022097,Vizianagaram
12096869237,node,18.0926034,83.3616553,Indian Oil,2022097,Vizianagaram
12236106685,node,18.0522655,83.2571633,HP,2022097,Vizianagaram
12236107133,node,18.0493078,83.277767,Bharat Petroleum,2022097,Vizianagaram
12236107232,node,18.0523608,83.2371617,Indian Oil,2022097,Vizianagaram
12304712555,node,18.2968249,83.5548057,Bharat Petroleum,2022097,Vizianagaram
12306448048,node,18.2705079,83.5178332,Indian Oil,2022097,Vizianagaram
12364838216,node,18.2607476,83.5136354,Nayara,2022097,Vizianagaram
13167924857,node,18.1333161,83.3878951,Indian Oil,2022097,Vizianagaram
13175261547,node,18.1188734,83.3880031,Bharat Petroleum,2022097,Vizianagaram
13175261563,node,18.1193752,83.3881878,HP,2022097,Vizianagaram
13179757883,node,18.1204439,83.4010005,HP-NVR,2022097,Vizianagaram
772059063,way,18.5347012,83.6514952,Dhanalaxmi Petrol Bunk,2022097,Vizianagaram
871042222,way,18.4468556,83.6723693,HP,2022097,Vizianagaram
871175681,way,18.453614,83.634563,HP,2022097,Vizianagaram
1238839951,way,17.8850509,83.1880783,Indian Oil,2022097,Vizianagaram
1244288535,way,18.1018475,83.4294625,Indian Oil,2022097,Vizianagaram
1433977900,way,18.1095531,83.4089555,Indian Oil,2022097,Vizianagaram
6202977086,node,16.5189314,81.3696729,BP Petrol,2022127,West Godavari
6202995285,node,16.5381329,81.4215482,Indian Oil,2022127,West Godavari
6203017085,node,16.5433194,81.4742268,Essar Petroleum,2022127,West Godavari
6203646386,node,16.5428942,81.5114434,Bharat Petrol,2022127,West Godavari
6204697289,node,16.5447133,81.5207737,HP Petrol Bunk,2022127,West Godavari
6204702086,node,16.5443977,81.5162434,Indian Oil,2022127,West Godavari
6204837385,node,16.4317125,81.496018,Esser Petrol,2022127,West Godavari
6207352685,node,16.5155738,81.3433583,Indian Oil,2022127,West Godavari
6779995548,node,16.5204117,81.725948,Indian Oil,2022127,West Godavari
7112302085,node,16.833199,81.507067,Indian Oil,2022127,West Godavari
7112445986,node,16.816218,81.525142,Indian Oil,2022127,West Godavari
7244018917,node,16.4238832,81.652176,Hp,2022127,West Godavari
7939098204,node,16.5468283,81.515876,Indian Oil,2022127,West Godavari
8116996325,node,16.7362882,81.6740149,"HP Gas, Gas servises",2022127,West Godavari
8422648650,node,16.5457999,81.5178025,Bharat Petroleum,2022127,West Godavari
11031603839,node,16.7595679,81.6659677,HP,2022127,West Godavari
11080758791,node,16.6023114,81.8001227,HP,2022127,West Godavari
11780015172,node,16.407487,81.4871842,Bharat Petroleum,2022127,West Godavari
11780015173,node,16.4072119,81.4882434,Indian Oil,2022127,West Godavari
11787288505,node,16.6148697,81.7392498,HP,2022127,West Godavari
11787289367,node,16.5697197,81.7278312,HP,2022127,West Godavari
11787295955,node,16.5135627,81.7209552,Jio bp,2022127,West Godavari
11787310190,node,16.537471,81.6342861,Indian Oil,2022127,West Godavari
11787314722,node,16.5487908,81.548362,Jio BP,2022127,West Godavari
11787314723,node,16.5468366,81.5954195,HP,2022127,West Godavari
11787319580,node,16.5145817,81.7095003,HP,2022127,West Godavari
11787320357,node,16.5197514,81.7010705,Indian oil,2022127,West Godavari
11787321950,node,16.6222838,81.7402296,Indian Oil,2022127,West Godavari
11787330756,node,16.541428,81.7246996,Essar,2022127,West Godavari
11787333772,node,16.5239377,81.6867648,Essar,2022127,West Godavari
11787335489,node,16.5229051,81.6905156,Bharat petroleum,2022127,West Godavari
11787335789,node,16.5474888,81.5426845,Bharat petroleum,2022127,West Godavari
11787336214,node,16.5363719,81.7249307,Indian oil,2022127,West Godavari
11787336469,node,16.5144128,81.7214028,Indian oil,2022127,West Godavari
11787455798,node,16.6685953,81.7974769,Indian oil,2022127,West Godavari
11787459473,node,16.6450591,81.7406007,Indian oil,2022127,West Godavari
11787459474,node,16.6595568,81.7436035,Indian oil,2022127,West Godavari
11787461491,node,16.6695457,81.7993551,HP,2022127,West Godavari
11787462428,node,16.6338975,81.7403836,Indian oil,2022127,West Godavari
11788936707,node,16.5414723,81.4985004,Bharat petroleum,2022127,West Godavari
12114077648,node,16.3688765,81.5927754,Indian Oil,2022127,West Godavari
12114077657,node,16.5791761,81.3661247,Indian Oil,2022127,West Godavari
12114077667,node,16.7145737,81.5413017,Indian Oil,2022127,West Godavari
12114077673,node,16.6277267,81.5315542,Essar,2022127,West Godavari
12114077680,node,16.5375268,81.4171254,HP,2022127,West Godavari
12114077681,node,16.9178294,81.5298775,Indian Oil,2022127,West Godavari
12114077682,node,16.4172867,81.6106912,Essar,2022127,West Godavari
12114077685,node,16.7974938,81.5956235,Indian Oil,2022127,West Godavari
12114077686,node,16.7260704,81.6749529,Indian Oil,2022127,West Godavari
12114077699,node,16.6563919,81.4696515,Essar,2022127,West Godavari
12114077700,node,16.695008,81.4631237,Indian Oil,2022127,West Godavari
12114092306,node,16.5130661,81.5470695,Indian Oil,2022127,West Godavari
12114092307,node,16.5816604,81.4741661,Bharat Petroleum,2022127,West Godavari
12114092309,node,16.5771586,81.4782356,Indian Oil,2022127,West Godavari
12114092313,node,16.5568378,81.5041487,HP,2022127,West Godavari
12114092314,node,16.7686332,81.5314897,HP,2022127,West Godavari
12114092315,node,16.5243024,81.7360962,Surya Filling station,2022127,West Godavari
12114092316,node,16.753548,81.5327457,Bharat Petroleum,2022127,West Godavari
12114092321,node,16.6239577,81.5751944,Indian Oil,2022127,West Godavari
12114092325,node,16.4773764,81.6297796,Essar,2022127,West Godavari
12114092328,node,16.6593501,81.632136,Essar,2022127,West Godavari
12114092332,node,16.4721565,81.6226189,HP,2022127,West Godavari
12114092333,node,16.5182167,81.3642729,Bharat Petroleum,2022127,West Godavari
12114092335,node,16.6780098,81.5882534,Essar,2022127,West Godavari
12114092337,node,16.5833756,81.3868699,HP,2022127,West Godavari
12596319761,node,16.816259,81.5251426,indian oil,2022127,West Godavari
12989309355,node,16.8414114,81.5388924,Nayara,2022127,West Godavari
4685184153,node,14.7411059,78.5685794,Reliance Petrol Station,2022290,YSR Kadapa
7234518629,node,14.3708454,78.332471,HP,2022290,YSR Kadapa
10170979780,node,14.4761985,78.8221432,Bharat Petroleum kadapa,2022290,YSR Kadapa
12109813374,node,14.4150973,78.8009128,HP,2022290,YSR Kadapa
12109813380,node,14.5612796,78.7228811,Essar,2022290,YSR Kadapa
12109813381,node,14.4238361,78.2305643,HP,2022290,YSR Kadapa
12109813382,node,14.4401034,78.2320397,HP,2022290,YSR Kadapa
12109813383,node,14.4105279,78.9896696,HP,2022290,YSR Kadapa
12109813386,node,14.4286232,78.8040352,Essar,2022290,YSR Kadapa
12109813390,node,14.3976481,79.0179625,Indian Oil,2022290,YSR Kadapa
12109813391,node,14.569068,78.2793497,Indian Oil,2022290,YSR Kadapa
12109813394,node,14.7233319,78.6781364,Essar,2022290,YSR Kadapa
12109832601,node,14.3568436,78.4565253,Bharat Petroleum,2022290,YSR Kadapa
12109832606,node,14.5562344,78.6283896,HP,2022290,YSR Kadapa
12109832618,node,14.4180622,78.9412965,Indian Oil,2022290,YSR Kadapa
12115230267,node,14.2214728,78.5432014,Essar,2022290,YSR Kadapa
12116097693,node,14.9986244,78.990885,Indian Oil,2022290,YSR Kadapa
12116097695,node,14.8867774,79.0156796,Indian Oil,2022290,YSR Kadapa
12116313939,node,15.1473725,79.0194971,HP,2022290,YSR Kadapa
1111726908,way,14.4761849,78.8221504,Bharat Petroleum,2022290,YSR Kadapa
